track_id,title,creator,artist,release_year,era_bin,source_type,preview_url,genre,track_duration_sec,lyrics,melisma_event_ids,remark,lyrics_language,melisma_events_file,annotation_file,rhythmic_patterns_file,artist_source_value,performer_group_id,performer_group_status
IKD_001,Kr. Belaian Cinta - Ika Kurniawati | Lagu Keroncong Indonesia - Official Music Video,GNP Enterprise,Ika  Kurniawati,2023,2020_plus,studio_professional,https://www.youtube.com/watch?v=97xQ1C5yCig,Keroncong Asli,312.819252,IKD_001_lyrics.json,"[""IKD_001_E0001"", ""IKD_001_E0002"", ""IKD_001_E0003"", ""IKD_001_E0004"", ""IKD_001_E0005"", ""IKD_001_E0006"", ""IKD_001_E0007"", ""IKD_001_E0008"", ""IKD_001_E0009"", ""IKD_001_E0010"", ""IKD_001_E0011"", ""IKD_001_E0012"", ""IKD_001_E0013"", ""IKD_001_E0014"", ""IKD_001_E0015"", ""IKD_001_E0016"", ""IKD_001_E0017"", ""IKD_001_E0018"", ""IKD_001_E0019"", ""IKD_001_E0020"", ""IKD_001_E0021"", ""IKD_001_E0022"", ""IKD_001_E0023"", ""IKD_001_E0024"", ""IKD_001_E0025"", ""IKD_001_E0026"", ""IKD_001_E0027"", ""IKD_001_E0028"", ""IKD_001_E0029"", ""IKD_001_E0030"", ""IKD_001_E0031"", ""IKD_001_E0032"", ""IKD_001_E0033"", ""IKD_001_E0034"", ""IKD_001_E0035"", ""IKD_001_E0036"", ""IKD_001_E0037"", ""IKD_001_E0038"", ""IKD_001_E0039"", ""IKD_001_E0040"", ""IKD_001_E0041"", ""IKD_001_E0042"", ""IKD_001_E0043"", ""IKD_001_E0044"", ""IKD_001_E0045"", ""IKD_001_E0046"", ""IKD_001_E0047"", ""IKD_001_E0048"", ""IKD_001_E0049"", ""IKD_001_E0050"", ""IKD_001_E0051"", ""IKD_001_E0052"", ""IKD_001_E0053"", ""IKD_001_E0054"", ""IKD_001_E0055"", ""IKD_001_E0056"", ""IKD_001_E0057"", ""IKD_001_E0058"", ""IKD_001_E0059"", ""IKD_001_E0060"", ""IKD_001_E0061"", ""IKD_001_E0062"", ""IKD_001_E0063"", ""IKD_001_E0064"", ""IKD_001_E0065"", ""IKD_001_E0066"", ""IKD_001_E0067"", ""IKD_001_E0068"", ""IKD_001_E0069"", ""IKD_001_E0070"", ""IKD_001_E0071"", ""IKD_001_E0072"", ""IKD_001_E0073"", ""IKD_001_E0074"", ""IKD_001_E0075"", ""IKD_001_E0076"", ""IKD_001_E0077"", ""IKD_001_E0078"", ""IKD_001_E0079"", ""IKD_001_E0080"", ""IKD_001_E0081"", ""IKD_001_E0082"", ""IKD_001_E0083"", ""IKD_001_E0084"", ""IKD_001_E0085"", ""IKD_001_E0086"", ""IKD_001_E0087"", ""IKD_001_E0088"", ""IKD_001_E0089"", ""IKD_001_E0090"", ""IKD_001_E0091"", ""IKD_001_E0092"", ""IKD_001_E0093"", ""IKD_001_E0094"", ""IKD_001_E0095"", ""IKD_001_E0096"", ""IKD_001_E0097"", ""IKD_001_E0098"", ""IKD_001_E0099"", ""IKD_001_E0100"", ""IKD_001_E0101"", ""IKD_001_E0102"", ""IKD_001_E0103"", ""IKD_001_E0104"", ""IKD_001_E0105"", ""IKD_001_E0106"", ""IKD_001_E0107"", ""IKD_001_E0108"", ""IKD_001_E0109"", ""IKD_001_E0110"", ""IKD_001_E0111"", ""IKD_001_E0112"", ""IKD_001_E0113""]",,indonesian,IKD_Dataset/Melisma_Events/IKD_001_completed_melisma_events.json,IKD_Dataset/Song_Annotations/IKD_001_completed_annotation.json,IKD_Dataset/Rhythmic_Pattern_Annotations/IKD_001_rhythmic_patterns.json,Ika  Kurniawati,Ika  Kurniawati,source_artist_label
IKD_002,Stb. Ii. Dewa Dewi,Mus Mulyadi,Mus Mulyadi,1990,1980_1999,studio_professional,https://www.youtube.com/watch?v=pVpzgjPZ6jI,Stambul,215.098458,IKD_002_lyrics.json,"[""IKD_002_E0001"", ""IKD_002_E0002"", ""IKD_002_E0003"", ""IKD_002_E0004"", ""IKD_002_E0005"", ""IKD_002_E0006"", ""IKD_002_E0007"", ""IKD_002_E0008"", ""IKD_002_E0009"", ""IKD_002_E0010"", ""IKD_002_E0011"", ""IKD_002_E0012"", ""IKD_002_E0013"", ""IKD_002_E0014"", ""IKD_002_E0015"", ""IKD_002_E0016"", ""IKD_002_E0017"", ""IKD_002_E0018"", ""IKD_002_E0019"", ""IKD_002_E0020"", ""IKD_002_E0021"", ""IKD_002_E0022"", ""IKD_002_E0023"", ""IKD_002_E0024"", ""IKD_002_E0025"", ""IKD_002_E0026"", ""IKD_002_E0027"", ""IKD_002_E0028"", ""IKD_002_E0029"", ""IKD_002_E0030"", ""IKD_002_E0031"", ""IKD_002_E0032"", ""IKD_002_E0033"", ""IKD_002_E0034"", ""IKD_002_E0035"", ""IKD_002_E0036"", ""IKD_002_E0037"", ""IKD_002_E0038"", ""IKD_002_E0039"", ""IKD_002_E0040"", ""IKD_002_E0041"", ""IKD_002_E0042"", ""IKD_002_E0043"", ""IKD_002_E0044"", ""IKD_002_E0045"", ""IKD_002_E0046"", ""IKD_002_E0047"", ""IKD_002_E0048"", ""IKD_002_E0049"", ""IKD_002_E0050"", ""IKD_002_E0051"", ""IKD_002_E0052"", ""IKD_002_E0053"", ""IKD_002_E0054"", ""IKD_002_E0055"", ""IKD_002_E0056"", ""IKD_002_E0057"", ""IKD_002_E0058"", ""IKD_002_E0059"", ""IKD_002_E0060"", ""IKD_002_E0061"", ""IKD_002_E0062"", ""IKD_002_E0063"", ""IKD_002_E0064"", ""IKD_002_E0065"", ""IKD_002_E0066""]",,indonesian,IKD_Dataset/Melisma_Events/IKD_002_completed_melisma_events.json,IKD_Dataset/Song_Annotations/IKD_002_completed_annotation.json,IKD_Dataset/Rhythmic_Pattern_Annotations/IKD_002_rhythmic_patterns.json,Mus Mulyadi,Mus Mulyadi,confirmed_user
IKD_003,Geisha - Cinta Dan Benci | Remember Entertainment ( Keroncong Cover ),Remember Entertainment,Remember Entertainment,2020,2020_plus,live_professional,https://www.youtube.com/watch?v=kRupRaANyeQ,Pop Keroncong,264.384014,IKD_003_lyrics.json,"[""IKD_003_E0001"", ""IKD_003_E0002"", ""IKD_003_E0003"", ""IKD_003_E0004"", ""IKD_003_E0005"", ""IKD_003_E0006"", ""IKD_003_E0007"", ""IKD_003_E0008"", ""IKD_003_E0009"", ""IKD_003_E0010"", ""IKD_003_E0011"", ""IKD_003_E0012"", ""IKD_003_E0013"", ""IKD_003_E0014"", ""IKD_003_E0015"", ""IKD_003_E0016"", ""IKD_003_E0017"", ""IKD_003_E0018"", ""IKD_003_E0019"", ""IKD_003_E0020"", ""IKD_003_E0021"", ""IKD_003_E0022"", ""IKD_003_E0023"", ""IKD_003_E0024"", ""IKD_003_E0025"", ""IKD_003_E0026"", ""IKD_003_E0027"", ""IKD_003_E0028"", ""IKD_003_E0029"", ""IKD_003_E0030"", ""IKD_003_E0031"", ""IKD_003_E0032"", ""IKD_003_E0033"", ""IKD_003_E0034"", ""IKD_003_E0035"", ""IKD_003_E0036"", ""IKD_003_E0037"", ""IKD_003_E0038"", ""IKD_003_E0039"", ""IKD_003_E0040"", ""IKD_003_E0041"", ""IKD_003_E0042"", ""IKD_003_E0043"", ""IKD_003_E0044"", ""IKD_003_E0045"", ""IKD_003_E0046"", ""IKD_003_E0047"", ""IKD_003_E0048"", ""IKD_003_E0049"", ""IKD_003_E0050"", ""IKD_003_E0051"", ""IKD_003_E0052"", ""IKD_003_E0053"", ""IKD_003_E0054"", ""IKD_003_E0055"", ""IKD_003_E0056"", ""IKD_003_E0057"", ""IKD_003_E0058"", ""IKD_003_E0059"", ""IKD_003_E0060"", ""IKD_003_E0061"", ""IKD_003_E0062"", ""IKD_003_E0063"", ""IKD_003_E0064"", ""IKD_003_E0065"", ""IKD_003_E0066"", ""IKD_003_E0067"", ""IKD_003_E0068"", ""IKD_003_E0069""]",,indonesian,IKD_Dataset/Melisma_Events/IKD_003_completed_melisma_events.json,IKD_Dataset/Song_Annotations/IKD_003_completed_annotation.json,IKD_Dataset/Rhythmic_Pattern_Annotations/IKD_003_rhythmic_patterns.json,Remember Entertainment,Remember Entertainment,source_label_proxy
IKD_004,Bengawan Solo,GNP Music,Gesang,1940,pre_1980,studio_professional,https://www.youtube.com/watch?v=-J4yNa2w_I0,Keroncong Asli,258.844444,IKD_004_lyrics.json,"[""IKD_004_E0001"", ""IKD_004_E0002"", ""IKD_004_E0003"", ""IKD_004_E0004"", ""IKD_004_E0005"", ""IKD_004_E0006"", ""IKD_004_E0007"", ""IKD_004_E0008"", ""IKD_004_E0009"", ""IKD_004_E0010"", ""IKD_004_E0011"", ""IKD_004_E0012"", ""IKD_004_E0013"", ""IKD_004_E0014"", ""IKD_004_E0015"", ""IKD_004_E0016"", ""IKD_004_E0017"", ""IKD_004_E0018"", ""IKD_004_E0019"", ""IKD_004_E0020"", ""IKD_004_E0021"", ""IKD_004_E0022"", ""IKD_004_E0023"", ""IKD_004_E0024"", ""IKD_004_E0025"", ""IKD_004_E0026"", ""IKD_004_E0027"", ""IKD_004_E0028"", ""IKD_004_E0029"", ""IKD_004_E0030"", ""IKD_004_E0031"", ""IKD_004_E0032"", ""IKD_004_E0033"", ""IKD_004_E0034"", ""IKD_004_E0035"", ""IKD_004_E0036"", ""IKD_004_E0037"", ""IKD_004_E0038"", ""IKD_004_E0039"", ""IKD_004_E0040"", ""IKD_004_E0041"", ""IKD_004_E0042"", ""IKD_004_E0043"", ""IKD_004_E0044"", ""IKD_004_E0045"", ""IKD_004_E0046"", ""IKD_004_E0047"", ""IKD_004_E0048"", ""IKD_004_E0049"", ""IKD_004_E0050"", ""IKD_004_E0051"", ""IKD_004_E0052"", ""IKD_004_E0053"", ""IKD_004_E0054"", ""IKD_004_E0055"", ""IKD_004_E0056"", ""IKD_004_E0057"", ""IKD_004_E0058"", ""IKD_004_E0059"", ""IKD_004_E0060"", ""IKD_004_E0061"", ""IKD_004_E0062"", ""IKD_004_E0063"", ""IKD_004_E0064"", ""IKD_004_E0065""]",,javanese,IKD_Dataset/Melisma_Events/IKD_004_completed_melisma_events.json,IKD_Dataset/Song_Annotations/IKD_004_completed_annotation.json,IKD_Dataset/Rhythmic_Pattern_Annotations/IKD_004_rhythmic_patterns.json,Gesang,Gesang,source_artist_label
IKD_005,Lgm. RIWAYAT SANGKURIANG - Fadhila (Seri Album Keroncong Asli Side of X),Keroncong Side of X,Fadhila,2022,2020_plus,studio_professional,https://www.youtube.com/watch?v=FdkqCmMEn4s,Langgam,282.784240,IKD_005_lyrics.json,"[""IKD_005_E0001"", ""IKD_005_E0002"", ""IKD_005_E0003"", ""IKD_005_E0004"", ""IKD_005_E0005"", ""IKD_005_E0006"", ""IKD_005_E0007"", ""IKD_005_E0008"", ""IKD_005_E0009"", ""IKD_005_E0010"", ""IKD_005_E0011"", ""IKD_005_E0012"", ""IKD_005_E0013"", ""IKD_005_E0014"", ""IKD_005_E0015"", ""IKD_005_E0016"", ""IKD_005_E0017"", ""IKD_005_E0018"", ""IKD_005_E0019"", ""IKD_005_E0020"", ""IKD_005_E0021"", ""IKD_005_E0022"", ""IKD_005_E0023"", ""IKD_005_E0024"", ""IKD_005_E0025"", ""IKD_005_E0026"", ""IKD_005_E0027"", ""IKD_005_E0028"", ""IKD_005_E0029"", ""IKD_005_E0030"", ""IKD_005_E0031"", ""IKD_005_E0032"", ""IKD_005_E0033"", ""IKD_005_E0034"", ""IKD_005_E0035"", ""IKD_005_E0036"", ""IKD_005_E0037"", ""IKD_005_E0038"", ""IKD_005_E0039"", ""IKD_005_E0040"", ""IKD_005_E0041"", ""IKD_005_E0042"", ""IKD_005_E0043"", ""IKD_005_E0044"", ""IKD_005_E0045"", ""IKD_005_E0046"", ""IKD_005_E0047"", ""IKD_005_E0048"", ""IKD_005_E0049"", ""IKD_005_E0050"", ""IKD_005_E0051"", ""IKD_005_E0052"", ""IKD_005_E0053"", ""IKD_005_E0054"", ""IKD_005_E0055"", ""IKD_005_E0056"", ""IKD_005_E0057"", ""IKD_005_E0058"", ""IKD_005_E0059"", ""IKD_005_E0060"", ""IKD_005_E0061"", ""IKD_005_E0062"", ""IKD_005_E0063"", ""IKD_005_E0064"", ""IKD_005_E0065"", ""IKD_005_E0066"", ""IKD_005_E0067"", ""IKD_005_E0068"", ""IKD_005_E0069"", ""IKD_005_E0070"", ""IKD_005_E0071"", ""IKD_005_E0072"", ""IKD_005_E0073"", ""IKD_005_E0074"", ""IKD_005_E0075"", ""IKD_005_E0076"", ""IKD_005_E0077"", ""IKD_005_E0078"", ""IKD_005_E0079"", ""IKD_005_E0080"", ""IKD_005_E0081"", ""IKD_005_E0082"", ""IKD_005_E0083""]",the original music was created around 1960s,indonesian,IKD_Dataset/Melisma_Events/IKD_005_completed_melisma_events.json,IKD_Dataset/Song_Annotations/IKD_005_completed_annotation.json,IKD_Dataset/Rhythmic_Pattern_Annotations/IKD_005_rhythmic_patterns.json,Fadhila,Fadhila,source_artist_label
IKD_006,Dian Piesesha - Keroncong Kerinduan ( Video Klip ),JK Records,Dian Piesesha,1993,1980_1999,studio_professional,https://www.youtube.com/watch?v=n4BSw2ai-t0,Pop Keroncong,271.801202,IKD_006_lyrics.json,"[""IKD_006_E0001"", ""IKD_006_E0002"", ""IKD_006_E0003"", ""IKD_006_E0004"", ""IKD_006_E0005"", ""IKD_006_E0006"", ""IKD_006_E0007"", ""IKD_006_E0008"", ""IKD_006_E0009"", ""IKD_006_E0010"", ""IKD_006_E0011"", ""IKD_006_E0012"", ""IKD_006_E0013"", ""IKD_006_E0014"", ""IKD_006_E0015"", ""IKD_006_E0016"", ""IKD_006_E0017"", ""IKD_006_E0018"", ""IKD_006_E0019"", ""IKD_006_E0020"", ""IKD_006_E0021"", ""IKD_006_E0022"", ""IKD_006_E0023"", ""IKD_006_E0024"", ""IKD_006_E0025"", ""IKD_006_E0026"", ""IKD_006_E0027"", ""IKD_006_E0028"", ""IKD_006_E0029"", ""IKD_006_E0030"", ""IKD_006_E0031"", ""IKD_006_E0032"", ""IKD_006_E0033"", ""IKD_006_E0034"", ""IKD_006_E0035"", ""IKD_006_E0036"", ""IKD_006_E0037"", ""IKD_006_E0038"", ""IKD_006_E0039"", ""IKD_006_E0040"", ""IKD_006_E0041"", ""IKD_006_E0042"", ""IKD_006_E0043"", ""IKD_006_E0044"", ""IKD_006_E0045"", ""IKD_006_E0046"", ""IKD_006_E0047"", ""IKD_006_E0048"", ""IKD_006_E0049"", ""IKD_006_E0050"", ""IKD_006_E0051"", ""IKD_006_E0052"", ""IKD_006_E0053"", ""IKD_006_E0054"", ""IKD_006_E0055"", ""IKD_006_E0056"", ""IKD_006_E0057"", ""IKD_006_E0058"", ""IKD_006_E0059"", ""IKD_006_E0060"", ""IKD_006_E0061"", ""IKD_006_E0062"", ""IKD_006_E0063"", ""IKD_006_E0064"", ""IKD_006_E0065"", ""IKD_006_E0066"", ""IKD_006_E0067"", ""IKD_006_E0068"", ""IKD_006_E0069"", ""IKD_006_E0070"", ""IKD_006_E0071"", ""IKD_006_E0072"", ""IKD_006_E0073"", ""IKD_006_E0074"", ""IKD_006_E0075"", ""IKD_006_E0076"", ""IKD_006_E0077"", ""IKD_006_E0078"", ""IKD_006_E0079"", ""IKD_006_E0080"", ""IKD_006_E0081"", ""IKD_006_E0082"", ""IKD_006_E0083"", ""IKD_006_E0084"", ""IKD_006_E0085"", ""IKD_006_E0086"", ""IKD_006_E0087"", ""IKD_006_E0088"", ""IKD_006_E0089"", ""IKD_006_E0090"", ""IKD_006_E0091"", ""IKD_006_E0092"", ""IKD_006_E0093""]",,indonesian,IKD_Dataset/Melisma_Events/IKD_006_completed_melisma_events.json,IKD_Dataset/Song_Annotations/IKD_006_completed_annotation.json,IKD_Dataset/Rhythmic_Pattern_Annotations/IKD_006_rhythmic_patterns.json,Dian Piesesha,Dian Piesesha,source_artist_label
IKD_007,Kr Tanah Airku - Sundari Soekotjo,GNP Enterprise,Sundari Soekotjo,2021,2020_plus,studio_professional,https://www.youtube.com/watch?v=oXwkKh5e9Ac,Keroncong Asli,257.520930,IKD_007_lyrics.json,"[""IKD_007_E0001"", ""IKD_007_E0002"", ""IKD_007_E0003"", ""IKD_007_E0004"", ""IKD_007_E0005"", ""IKD_007_E0006"", ""IKD_007_E0007"", ""IKD_007_E0008"", ""IKD_007_E0009"", ""IKD_007_E0010"", ""IKD_007_E0011"", ""IKD_007_E0012"", ""IKD_007_E0013"", ""IKD_007_E0014"", ""IKD_007_E0015"", ""IKD_007_E0016"", ""IKD_007_E0017"", ""IKD_007_E0018"", ""IKD_007_E0019"", ""IKD_007_E0020"", ""IKD_007_E0021"", ""IKD_007_E0022"", ""IKD_007_E0023"", ""IKD_007_E0024"", ""IKD_007_E0025"", ""IKD_007_E0026"", ""IKD_007_E0027"", ""IKD_007_E0028"", ""IKD_007_E0029"", ""IKD_007_E0030"", ""IKD_007_E0031"", ""IKD_007_E0032"", ""IKD_007_E0033"", ""IKD_007_E0034"", ""IKD_007_E0035"", ""IKD_007_E0036"", ""IKD_007_E0037"", ""IKD_007_E0038"", ""IKD_007_E0039"", ""IKD_007_E0040"", ""IKD_007_E0041"", ""IKD_007_E0042"", ""IKD_007_E0043"", ""IKD_007_E0044"", ""IKD_007_E0045"", ""IKD_007_E0046"", ""IKD_007_E0047"", ""IKD_007_E0048"", ""IKD_007_E0049"", ""IKD_007_E0050"", ""IKD_007_E0051"", ""IKD_007_E0052"", ""IKD_007_E0053"", ""IKD_007_E0054"", ""IKD_007_E0055"", ""IKD_007_E0056"", ""IKD_007_E0057"", ""IKD_007_E0058"", ""IKD_007_E0059"", ""IKD_007_E0060"", ""IKD_007_E0061"", ""IKD_007_E0062"", ""IKD_007_E0063"", ""IKD_007_E0064"", ""IKD_007_E0065"", ""IKD_007_E0066"", ""IKD_007_E0067"", ""IKD_007_E0068"", ""IKD_007_E0069"", ""IKD_007_E0070"", ""IKD_007_E0071"", ""IKD_007_E0072"", ""IKD_007_E0073"", ""IKD_007_E0074"", ""IKD_007_E0075"", ""IKD_007_E0076"", ""IKD_007_E0077"", ""IKD_007_E0078"", ""IKD_007_E0079"", ""IKD_007_E0080"", ""IKD_007_E0081"", ""IKD_007_E0082"", ""IKD_007_E0083"", ""IKD_007_E0084"", ""IKD_007_E0085"", ""IKD_007_E0086"", ""IKD_007_E0087"", ""IKD_007_E0088"", ""IKD_007_E0089"", ""IKD_007_E0090"", ""IKD_007_E0091"", ""IKD_007_E0092"", ""IKD_007_E0093"", ""IKD_007_E0094"", ""IKD_007_E0095"", ""IKD_007_E0096"", ""IKD_007_E0097"", ""IKD_007_E0098"", ""IKD_007_E0099"", ""IKD_007_E0100"", ""IKD_007_E0101"", ""IKD_007_E0102"", ""IKD_007_E0103""]",the original music was created around 1956,indonesian,IKD_Dataset/Melisma_Events/IKD_007_completed_melisma_events.json,IKD_Dataset/Song_Annotations/IKD_007_completed_annotation.json,IKD_Dataset/Rhythmic_Pattern_Annotations/IKD_007_rhythmic_patterns.json,Sundari Soekotjo,Sundari Soekotjo,source_artist_label
IKD_008,SETANGKAI ANGGREK BULAN - DAPUR MUSIK KERONCONG || OFFICIAL LIVE AUDIO VIDEO,Dapur Musik Keroncong,Prapty Teng-Teng,2025,2020_plus,studio_professional,https://www.youtube.com/watch?v=TQcqwXKidRU,Pop Keroncong,289.192925,IKD_008_lyrics.json,"[""IKD_008_E0001"", ""IKD_008_E0002"", ""IKD_008_E0003"", ""IKD_008_E0004"", ""IKD_008_E0005"", ""IKD_008_E0006"", ""IKD_008_E0007"", ""IKD_008_E0008"", ""IKD_008_E0009"", ""IKD_008_E0010"", ""IKD_008_E0011"", ""IKD_008_E0012"", ""IKD_008_E0013"", ""IKD_008_E0014"", ""IKD_008_E0015"", ""IKD_008_E0016"", ""IKD_008_E0017"", ""IKD_008_E0018"", ""IKD_008_E0019"", ""IKD_008_E0020"", ""IKD_008_E0021"", ""IKD_008_E0022"", ""IKD_008_E0023"", ""IKD_008_E0024"", ""IKD_008_E0025"", ""IKD_008_E0026"", ""IKD_008_E0027"", ""IKD_008_E0028"", ""IKD_008_E0029"", ""IKD_008_E0030"", ""IKD_008_E0031"", ""IKD_008_E0032"", ""IKD_008_E0033"", ""IKD_008_E0034"", ""IKD_008_E0035"", ""IKD_008_E0036"", ""IKD_008_E0037"", ""IKD_008_E0038"", ""IKD_008_E0039"", ""IKD_008_E0040"", ""IKD_008_E0041"", ""IKD_008_E0042"", ""IKD_008_E0043"", ""IKD_008_E0044"", ""IKD_008_E0045"", ""IKD_008_E0046"", ""IKD_008_E0047"", ""IKD_008_E0048"", ""IKD_008_E0049"", ""IKD_008_E0050"", ""IKD_008_E0051"", ""IKD_008_E0052"", ""IKD_008_E0053"", ""IKD_008_E0054"", ""IKD_008_E0055"", ""IKD_008_E0056"", ""IKD_008_E0057"", ""IKD_008_E0058"", ""IKD_008_E0059"", ""IKD_008_E0060"", ""IKD_008_E0061"", ""IKD_008_E0062"", ""IKD_008_E0063"", ""IKD_008_E0064"", ""IKD_008_E0065"", ""IKD_008_E0066"", ""IKD_008_E0067"", ""IKD_008_E0068"", ""IKD_008_E0069"", ""IKD_008_E0070"", ""IKD_008_E0071"", ""IKD_008_E0072"", ""IKD_008_E0073"", ""IKD_008_E0074"", ""IKD_008_E0075"", ""IKD_008_E0076"", ""IKD_008_E0077"", ""IKD_008_E0078"", ""IKD_008_E0079""]",the original music was created around 1970s,indonesian,IKD_Dataset/Melisma_Events/IKD_008_completed_melisma_events.json,IKD_Dataset/Song_Annotations/IKD_008_completed_annotation.json,IKD_Dataset/Rhythmic_Pattern_Annotations/IKD_008_rhythmic_patterns.json,Prapty,Prapty Teng-Teng,confirmed_user
IKD_009,Melukis Senja (KERONCONG) - Budi Doremi ft. Fivein #LetsJamWithJames,James Adam,Budi Doremi,2020,2020_plus,live_professional,https://www.youtube.com/watch?v=Hr_f3EONcsk,Pop Keroncong,281.205283,IKD_009_lyrics.json,"[""IKD_009_E0001"", ""IKD_009_E0002"", ""IKD_009_E0003"", ""IKD_009_E0004"", ""IKD_009_E0005"", ""IKD_009_E0006"", ""IKD_009_E0007"", ""IKD_009_E0008"", ""IKD_009_E0009"", ""IKD_009_E0010"", ""IKD_009_E0011"", ""IKD_009_E0012"", ""IKD_009_E0013"", ""IKD_009_E0014"", ""IKD_009_E0015"", ""IKD_009_E0016"", ""IKD_009_E0017"", ""IKD_009_E0018"", ""IKD_009_E0019"", ""IKD_009_E0020"", ""IKD_009_E0021"", ""IKD_009_E0022"", ""IKD_009_E0023"", ""IKD_009_E0024"", ""IKD_009_E0025"", ""IKD_009_E0026"", ""IKD_009_E0027"", ""IKD_009_E0028"", ""IKD_009_E0029"", ""IKD_009_E0030"", ""IKD_009_E0031"", ""IKD_009_E0032"", ""IKD_009_E0033"", ""IKD_009_E0034"", ""IKD_009_E0035"", ""IKD_009_E0036"", ""IKD_009_E0037"", ""IKD_009_E0038"", ""IKD_009_E0039"", ""IKD_009_E0040"", ""IKD_009_E0041"", ""IKD_009_E0042"", ""IKD_009_E0043"", ""IKD_009_E0044"", ""IKD_009_E0045"", ""IKD_009_E0046"", ""IKD_009_E0047"", ""IKD_009_E0048"", ""IKD_009_E0049"", ""IKD_009_E0050"", ""IKD_009_E0051"", ""IKD_009_E0052"", ""IKD_009_E0053"", ""IKD_009_E0054"", ""IKD_009_E0055"", ""IKD_009_E0056"", ""IKD_009_E0057"", ""IKD_009_E0058"", ""IKD_009_E0059""]",,indonesian,IKD_Dataset/Melisma_Events/IKD_009_completed_melisma_events.json,IKD_Dataset/Song_Annotations/IKD_009_completed_annotation.json,IKD_Dataset/Rhythmic_Pattern_Annotations/IKD_009_rhythmic_patterns.json,Budi Doremi,Budi Doremi,source_artist_label
IKD_010,Dan (KERONCONG) - Yoriko Angeline ft. Fivein #LetsJamWithJames,James Adam,Yoriko Angeline,2021,2020_plus,live_professional,https://www.youtube.com/watch?v=xmro8xQeWQs,Pop Keroncong,260.539524,IKD_010_lyrics.json,"[""IKD_010_E0001"", ""IKD_010_E0002"", ""IKD_010_E0003"", ""IKD_010_E0004"", ""IKD_010_E0005"", ""IKD_010_E0006"", ""IKD_010_E0007"", ""IKD_010_E0008"", ""IKD_010_E0009"", ""IKD_010_E0010"", ""IKD_010_E0011"", ""IKD_010_E0012"", ""IKD_010_E0013"", ""IKD_010_E0014"", ""IKD_010_E0015"", ""IKD_010_E0016"", ""IKD_010_E0017"", ""IKD_010_E0018"", ""IKD_010_E0019"", ""IKD_010_E0020"", ""IKD_010_E0021"", ""IKD_010_E0022"", ""IKD_010_E0023"", ""IKD_010_E0024"", ""IKD_010_E0025"", ""IKD_010_E0026"", ""IKD_010_E0027"", ""IKD_010_E0028"", ""IKD_010_E0029"", ""IKD_010_E0030"", ""IKD_010_E0031"", ""IKD_010_E0032"", ""IKD_010_E0033"", ""IKD_010_E0034"", ""IKD_010_E0035"", ""IKD_010_E0036"", ""IKD_010_E0037"", ""IKD_010_E0038"", ""IKD_010_E0039"", ""IKD_010_E0040"", ""IKD_010_E0041"", ""IKD_010_E0042"", ""IKD_010_E0043"", ""IKD_010_E0044"", ""IKD_010_E0045"", ""IKD_010_E0046"", ""IKD_010_E0047"", ""IKD_010_E0048"", ""IKD_010_E0049"", ""IKD_010_E0050"", ""IKD_010_E0051"", ""IKD_010_E0052"", ""IKD_010_E0053"", ""IKD_010_E0054"", ""IKD_010_E0055""]",,indonesian,IKD_Dataset/Melisma_Events/IKD_010_completed_melisma_events.json,IKD_Dataset/Song_Annotations/IKD_010_completed_annotation.json,IKD_Dataset/Rhythmic_Pattern_Annotations/IKD_010_rhythmic_patterns.json,Yoriko Angeline,Yoriko Angeline,source_artist_label
IKD_011,LUNGITING ASMARA [KERONCONG JAWA],PAKSITV,Paksi Raras Alit Band,2019,2000_2019,live_professional,https://www.youtube.com/watch?v=nMLDMzpZeTc,Langgam,351.526916,IKD_011_lyrics.json,"[""IKD_011_E0001"", ""IKD_011_E0002"", ""IKD_011_E0003"", ""IKD_011_E0004"", ""IKD_011_E0005"", ""IKD_011_E0006"", ""IKD_011_E0007"", ""IKD_011_E0008"", ""IKD_011_E0009"", ""IKD_011_E0010"", ""IKD_011_E0011"", ""IKD_011_E0012"", ""IKD_011_E0013"", ""IKD_011_E0014"", ""IKD_011_E0015"", ""IKD_011_E0016"", ""IKD_011_E0017"", ""IKD_011_E0018"", ""IKD_011_E0019"", ""IKD_011_E0020"", ""IKD_011_E0021"", ""IKD_011_E0022"", ""IKD_011_E0023"", ""IKD_011_E0024"", ""IKD_011_E0025"", ""IKD_011_E0026"", ""IKD_011_E0027"", ""IKD_011_E0028"", ""IKD_011_E0029"", ""IKD_011_E0030"", ""IKD_011_E0031"", ""IKD_011_E0032"", ""IKD_011_E0033"", ""IKD_011_E0034"", ""IKD_011_E0035"", ""IKD_011_E0036"", ""IKD_011_E0037"", ""IKD_011_E0038"", ""IKD_011_E0039"", ""IKD_011_E0040"", ""IKD_011_E0041"", ""IKD_011_E0042"", ""IKD_011_E0043"", ""IKD_011_E0044"", ""IKD_011_E0045"", ""IKD_011_E0046"", ""IKD_011_E0047"", ""IKD_011_E0048"", ""IKD_011_E0049"", ""IKD_011_E0050"", ""IKD_011_E0051"", ""IKD_011_E0052"", ""IKD_011_E0053"", ""IKD_011_E0054"", ""IKD_011_E0055"", ""IKD_011_E0056"", ""IKD_011_E0057"", ""IKD_011_E0058"", ""IKD_011_E0059"", ""IKD_011_E0060"", ""IKD_011_E0061"", ""IKD_011_E0062"", ""IKD_011_E0063"", ""IKD_011_E0064"", ""IKD_011_E0065"", ""IKD_011_E0066"", ""IKD_011_E0067"", ""IKD_011_E0068"", ""IKD_011_E0069"", ""IKD_011_E0070"", ""IKD_011_E0071"", ""IKD_011_E0072"", ""IKD_011_E0073"", ""IKD_011_E0074"", ""IKD_011_E0075"", ""IKD_011_E0076"", ""IKD_011_E0077"", ""IKD_011_E0078"", ""IKD_011_E0079"", ""IKD_011_E0080"", ""IKD_011_E0081"", ""IKD_011_E0082"", ""IKD_011_E0083"", ""IKD_011_E0084"", ""IKD_011_E0085"", ""IKD_011_E0086"", ""IKD_011_E0087"", ""IKD_011_E0088"", ""IKD_011_E0089"", ""IKD_011_E0090"", ""IKD_011_E0091""]",,javanese,IKD_Dataset/Melisma_Events/IKD_011_completed_melisma_events.json,IKD_Dataset/Song_Annotations/IKD_011_completed_annotation.json,IKD_Dataset/Rhythmic_Pattern_Annotations/IKD_011_rhythmic_patterns.json,Paksi Raras Alit Band,Paksi Raras Alit Band,source_label_proxy
IKD_012,SASYA ARKHISNA - SINARENGAN | DC.CONGYENG (OFFICIAL LIVE MUSIC VIDEO) | DC MUSIK,DC. PRODUCTION,Sasya Arkhisna,2025,2020_plus,live_professional,https://www.youtube.com/watch?v=uxdWO3Rz4WA,Pop Keroncong,376.476757,IKD_012_lyrics.json,"[""IKD_012_E0001"", ""IKD_012_E0002"", ""IKD_012_E0003"", ""IKD_012_E0004"", ""IKD_012_E0005"", ""IKD_012_E0006"", ""IKD_012_E0007"", ""IKD_012_E0008"", ""IKD_012_E0009"", ""IKD_012_E0010"", ""IKD_012_E0011"", ""IKD_012_E0012"", ""IKD_012_E0013"", ""IKD_012_E0014"", ""IKD_012_E0015"", ""IKD_012_E0016"", ""IKD_012_E0017"", ""IKD_012_E0018"", ""IKD_012_E0019"", ""IKD_012_E0020"", ""IKD_012_E0021"", ""IKD_012_E0022"", ""IKD_012_E0023"", ""IKD_012_E0024"", ""IKD_012_E0025"", ""IKD_012_E0026"", ""IKD_012_E0027"", ""IKD_012_E0028"", ""IKD_012_E0029"", ""IKD_012_E0030"", ""IKD_012_E0031"", ""IKD_012_E0032"", ""IKD_012_E0033"", ""IKD_012_E0034"", ""IKD_012_E0035"", ""IKD_012_E0036"", ""IKD_012_E0037"", ""IKD_012_E0038"", ""IKD_012_E0039"", ""IKD_012_E0040"", ""IKD_012_E0041"", ""IKD_012_E0042"", ""IKD_012_E0043"", ""IKD_012_E0044"", ""IKD_012_E0045"", ""IKD_012_E0046"", ""IKD_012_E0047"", ""IKD_012_E0048"", ""IKD_012_E0049"", ""IKD_012_E0050"", ""IKD_012_E0051"", ""IKD_012_E0052"", ""IKD_012_E0053"", ""IKD_012_E0054"", ""IKD_012_E0055"", ""IKD_012_E0056"", ""IKD_012_E0057"", ""IKD_012_E0058"", ""IKD_012_E0059"", ""IKD_012_E0060"", ""IKD_012_E0061"", ""IKD_012_E0062"", ""IKD_012_E0063"", ""IKD_012_E0064"", ""IKD_012_E0065"", ""IKD_012_E0066"", ""IKD_012_E0067"", ""IKD_012_E0068"", ""IKD_012_E0069"", ""IKD_012_E0070"", ""IKD_012_E0071"", ""IKD_012_E0072"", ""IKD_012_E0073"", ""IKD_012_E0074"", ""IKD_012_E0075"", ""IKD_012_E0076"", ""IKD_012_E0077"", ""IKD_012_E0078"", ""IKD_012_E0079"", ""IKD_012_E0080"", ""IKD_012_E0081"", ""IKD_012_E0082"", ""IKD_012_E0083"", ""IKD_012_E0084"", ""IKD_012_E0085"", ""IKD_012_E0086"", ""IKD_012_E0087"", ""IKD_012_E0088"", ""IKD_012_E0089"", ""IKD_012_E0090"", ""IKD_012_E0091"", ""IKD_012_E0092"", ""IKD_012_E0093"", ""IKD_012_E0094"", ""IKD_012_E0095"", ""IKD_012_E0096"", ""IKD_012_E0097"", ""IKD_012_E0098"", ""IKD_012_E0099"", ""IKD_012_E0100"", ""IKD_012_E0101"", ""IKD_012_E0102"", ""IKD_012_E0103"", ""IKD_012_E0104"", ""IKD_012_E0105"", ""IKD_012_E0106"", ""IKD_012_E0107"", ""IKD_012_E0108"", ""IKD_012_E0109"", ""IKD_012_E0110"", ""IKD_012_E0111"", ""IKD_012_E0112"", ""IKD_012_E0113"", ""IKD_012_E0114"", ""IKD_012_E0115"", ""IKD_012_E0116"", ""IKD_012_E0117"", ""IKD_012_E0118"", ""IKD_012_E0119"", ""IKD_012_E0120"", ""IKD_012_E0121"", ""IKD_012_E0122"", ""IKD_012_E0123"", ""IKD_012_E0124"", ""IKD_012_E0125"", ""IKD_012_E0126"", ""IKD_012_E0127"", ""IKD_012_E0128"", ""IKD_012_E0129"", ""IKD_012_E0130"", ""IKD_012_E0131"", ""IKD_012_E0132"", ""IKD_012_E0133"", ""IKD_012_E0134"", ""IKD_012_E0135""]",,javanese,IKD_Dataset/Melisma_Events/IKD_012_completed_melisma_events.json,IKD_Dataset/Song_Annotations/IKD_012_completed_annotation.json,IKD_Dataset/Rhythmic_Pattern_Annotations/IKD_012_rhythmic_patterns.json,Sasya Arkhisna,Sasya Arkhisna,source_artist_label
IKD_013,Dewi Murni - Mus Mulyadi (Pop Keroncong),GNP Music,Mus Mulyadi,2003,2000_2019,studio_professional,https://www.youtube.com/watch?v=IAQ-rJbuKfk,Pop Keroncong,298.527370,IKD_013_lyrics.json,"[""IKD_013_E0001"", ""IKD_013_E0002"", ""IKD_013_E0003"", ""IKD_013_E0004"", ""IKD_013_E0005"", ""IKD_013_E0006"", ""IKD_013_E0007"", ""IKD_013_E0008"", ""IKD_013_E0009"", ""IKD_013_E0010"", ""IKD_013_E0011"", ""IKD_013_E0012"", ""IKD_013_E0013"", ""IKD_013_E0014"", ""IKD_013_E0015"", ""IKD_013_E0016"", ""IKD_013_E0017"", ""IKD_013_E0018"", ""IKD_013_E0019"", ""IKD_013_E0020"", ""IKD_013_E0021"", ""IKD_013_E0022"", ""IKD_013_E0023"", ""IKD_013_E0024"", ""IKD_013_E0025"", ""IKD_013_E0026"", ""IKD_013_E0027"", ""IKD_013_E0028"", ""IKD_013_E0029"", ""IKD_013_E0030"", ""IKD_013_E0031"", ""IKD_013_E0032"", ""IKD_013_E0033"", ""IKD_013_E0034"", ""IKD_013_E0035"", ""IKD_013_E0036"", ""IKD_013_E0037"", ""IKD_013_E0038"", ""IKD_013_E0039"", ""IKD_013_E0040"", ""IKD_013_E0041"", ""IKD_013_E0042"", ""IKD_013_E0043"", ""IKD_013_E0044"", ""IKD_013_E0045"", ""IKD_013_E0046"", ""IKD_013_E0047"", ""IKD_013_E0048"", ""IKD_013_E0049"", ""IKD_013_E0050"", ""IKD_013_E0051"", ""IKD_013_E0052"", ""IKD_013_E0053"", ""IKD_013_E0054"", ""IKD_013_E0055"", ""IKD_013_E0056"", ""IKD_013_E0057"", ""IKD_013_E0058"", ""IKD_013_E0059"", ""IKD_013_E0060"", ""IKD_013_E0061"", ""IKD_013_E0062"", ""IKD_013_E0063"", ""IKD_013_E0064"", ""IKD_013_E0065"", ""IKD_013_E0066"", ""IKD_013_E0067"", ""IKD_013_E0068"", ""IKD_013_E0069"", ""IKD_013_E0070"", ""IKD_013_E0071"", ""IKD_013_E0072"", ""IKD_013_E0073"", ""IKD_013_E0074"", ""IKD_013_E0075"", ""IKD_013_E0076"", ""IKD_013_E0077"", ""IKD_013_E0078"", ""IKD_013_E0079"", ""IKD_013_E0080"", ""IKD_013_E0081"", ""IKD_013_E0082"", ""IKD_013_E0083"", ""IKD_013_E0084"", ""IKD_013_E0085"", ""IKD_013_E0086"", ""IKD_013_E0087"", ""IKD_013_E0088"", ""IKD_013_E0089"", ""IKD_013_E0090"", ""IKD_013_E0091"", ""IKD_013_E0092"", ""IKD_013_E0093"", ""IKD_013_E0094"", ""IKD_013_E0095"", ""IKD_013_E0096"", ""IKD_013_E0097"", ""IKD_013_E0098"", ""IKD_013_E0099"", ""IKD_013_E0100"", ""IKD_013_E0101"", ""IKD_013_E0102"", ""IKD_013_E0103"", ""IKD_013_E0104"", ""IKD_013_E0105"", ""IKD_013_E0106"", ""IKD_013_E0107"", ""IKD_013_E0108"", ""IKD_013_E0109"", ""IKD_013_E0110"", ""IKD_013_E0111"", ""IKD_013_E0112"", ""IKD_013_E0113"", ""IKD_013_E0114"", ""IKD_013_E0115"", ""IKD_013_E0116"", ""IKD_013_E0117"", ""IKD_013_E0118"", ""IKD_013_E0119"", ""IKD_013_E0120"", ""IKD_013_E0121"", ""IKD_013_E0122"", ""IKD_013_E0123"", ""IKD_013_E0124"", ""IKD_013_E0125"", ""IKD_013_E0126"", ""IKD_013_E0127"", ""IKD_013_E0128"", ""IKD_013_E0129"", ""IKD_013_E0130"", ""IKD_013_E0131"", ""IKD_013_E0132"", ""IKD_013_E0133"", ""IKD_013_E0134"", ""IKD_013_E0135"", ""IKD_013_E0136"", ""IKD_013_E0137"", ""IKD_013_E0138"", ""IKD_013_E0139"", ""IKD_013_E0140"", ""IKD_013_E0141"", ""IKD_013_E0142"", ""IKD_013_E0143"", ""IKD_013_E0144"", ""IKD_013_E0145"", ""IKD_013_E0146"", ""IKD_013_E0147"", ""IKD_013_E0148"", ""IKD_013_E0149"", ""IKD_013_E0150"", ""IKD_013_E0151"", ""IKD_013_E0152"", ""IKD_013_E0153"", ""IKD_013_E0154""]",,indonesian,IKD_Dataset/Melisma_Events/IKD_013_completed_melisma_events.json,IKD_Dataset/Song_Annotations/IKD_013_completed_annotation.json,IKD_Dataset/Rhythmic_Pattern_Annotations/IKD_013_rhythmic_patterns.json,Sundari Soekotjo,Mus Mulyadi,confirmed_user
IKD_014,SEPANJANG JALAN KENANGAN - DAPUR MUSIK KERONCONG || OFFICIAL LIVE AUDIO VIDEO ||,Dapur Musik Keroncong,Prapty Teng-Teng,2025,2020_plus,live_professional,https://www.youtube.com/watch?v=iv8ghXEgmos,Pop Keroncong,348.113583,IKD_014_lyrics.json,"[""IKD_014_E0001"", ""IKD_014_E0002"", ""IKD_014_E0003"", ""IKD_014_E0004"", ""IKD_014_E0005"", ""IKD_014_E0006"", ""IKD_014_E0007"", ""IKD_014_E0008"", ""IKD_014_E0009"", ""IKD_014_E0010"", ""IKD_014_E0011"", ""IKD_014_E0012"", ""IKD_014_E0013"", ""IKD_014_E0014"", ""IKD_014_E0015"", ""IKD_014_E0016"", ""IKD_014_E0017"", ""IKD_014_E0018"", ""IKD_014_E0019"", ""IKD_014_E0020"", ""IKD_014_E0021"", ""IKD_014_E0022"", ""IKD_014_E0023"", ""IKD_014_E0024"", ""IKD_014_E0025"", ""IKD_014_E0026"", ""IKD_014_E0027"", ""IKD_014_E0028"", ""IKD_014_E0029"", ""IKD_014_E0030"", ""IKD_014_E0031"", ""IKD_014_E0032"", ""IKD_014_E0033"", ""IKD_014_E0034"", ""IKD_014_E0035"", ""IKD_014_E0036"", ""IKD_014_E0037"", ""IKD_014_E0038"", ""IKD_014_E0039"", ""IKD_014_E0040"", ""IKD_014_E0041"", ""IKD_014_E0042"", ""IKD_014_E0043"", ""IKD_014_E0044"", ""IKD_014_E0045"", ""IKD_014_E0046"", ""IKD_014_E0047"", ""IKD_014_E0048"", ""IKD_014_E0049"", ""IKD_014_E0050"", ""IKD_014_E0051"", ""IKD_014_E0052"", ""IKD_014_E0053"", ""IKD_014_E0054"", ""IKD_014_E0055"", ""IKD_014_E0056"", ""IKD_014_E0057"", ""IKD_014_E0058"", ""IKD_014_E0059"", ""IKD_014_E0060"", ""IKD_014_E0061"", ""IKD_014_E0062"", ""IKD_014_E0063"", ""IKD_014_E0064"", ""IKD_014_E0065"", ""IKD_014_E0066"", ""IKD_014_E0067"", ""IKD_014_E0068"", ""IKD_014_E0069"", ""IKD_014_E0070"", ""IKD_014_E0071"", ""IKD_014_E0072"", ""IKD_014_E0073"", ""IKD_014_E0074"", ""IKD_014_E0075"", ""IKD_014_E0076"", ""IKD_014_E0077"", ""IKD_014_E0078"", ""IKD_014_E0079"", ""IKD_014_E0080"", ""IKD_014_E0081"", ""IKD_014_E0082"", ""IKD_014_E0083"", ""IKD_014_E0084"", ""IKD_014_E0085"", ""IKD_014_E0086""]",,indonesian,IKD_Dataset/Melisma_Events/IKD_014_completed_melisma_events.json,IKD_Dataset/Song_Annotations/IKD_014_completed_annotation.json,IKD_Dataset/Rhythmic_Pattern_Annotations/IKD_014_rhythmic_patterns.json,Prapty Teng - Teng,Prapty Teng-Teng,confirmed_user
IKD_015,Lgm Di Bawah Sinar Bulan Purnama - Sundari Soekotjo (Official Video),GNP Music,Sundari Soekotjo,2012,2000_2019,studio_professional,https://www.youtube.com/watch?v=NF4eKRAgLrM,Langgam,267.273311,IKD_015_lyrics.json,"[""IKD_015_E0001"", ""IKD_015_E0002"", ""IKD_015_E0003"", ""IKD_015_E0004"", ""IKD_015_E0005"", ""IKD_015_E0006"", ""IKD_015_E0007"", ""IKD_015_E0008"", ""IKD_015_E0009"", ""IKD_015_E0010"", ""IKD_015_E0011"", ""IKD_015_E0012"", ""IKD_015_E0013"", ""IKD_015_E0014"", ""IKD_015_E0015"", ""IKD_015_E0016"", ""IKD_015_E0017"", ""IKD_015_E0018"", ""IKD_015_E0019"", ""IKD_015_E0020"", ""IKD_015_E0021"", ""IKD_015_E0022"", ""IKD_015_E0023"", ""IKD_015_E0024"", ""IKD_015_E0025"", ""IKD_015_E0026"", ""IKD_015_E0027"", ""IKD_015_E0028"", ""IKD_015_E0029"", ""IKD_015_E0030"", ""IKD_015_E0031"", ""IKD_015_E0032"", ""IKD_015_E0033"", ""IKD_015_E0034"", ""IKD_015_E0035"", ""IKD_015_E0036"", ""IKD_015_E0037"", ""IKD_015_E0038"", ""IKD_015_E0039"", ""IKD_015_E0040"", ""IKD_015_E0041"", ""IKD_015_E0042"", ""IKD_015_E0043"", ""IKD_015_E0044"", ""IKD_015_E0045"", ""IKD_015_E0046"", ""IKD_015_E0047"", ""IKD_015_E0048"", ""IKD_015_E0049"", ""IKD_015_E0050"", ""IKD_015_E0051"", ""IKD_015_E0052"", ""IKD_015_E0053"", ""IKD_015_E0054"", ""IKD_015_E0055"", ""IKD_015_E0056"", ""IKD_015_E0057"", ""IKD_015_E0058"", ""IKD_015_E0059"", ""IKD_015_E0060"", ""IKD_015_E0061"", ""IKD_015_E0062"", ""IKD_015_E0063"", ""IKD_015_E0064"", ""IKD_015_E0065"", ""IKD_015_E0066"", ""IKD_015_E0067"", ""IKD_015_E0068"", ""IKD_015_E0069"", ""IKD_015_E0070"", ""IKD_015_E0071"", ""IKD_015_E0072"", ""IKD_015_E0073"", ""IKD_015_E0074"", ""IKD_015_E0075"", ""IKD_015_E0076"", ""IKD_015_E0077"", ""IKD_015_E0078"", ""IKD_015_E0079"", ""IKD_015_E0080"", ""IKD_015_E0081"", ""IKD_015_E0082"", ""IKD_015_E0083"", ""IKD_015_E0084"", ""IKD_015_E0085"", ""IKD_015_E0086"", ""IKD_015_E0087"", ""IKD_015_E0088"", ""IKD_015_E0089"", ""IKD_015_E0090"", ""IKD_015_E0091"", ""IKD_015_E0092"", ""IKD_015_E0093""]",,indonesian,IKD_Dataset/Melisma_Events/IKD_015_completed_melisma_events.json,IKD_Dataset/Song_Annotations/IKD_015_completed_annotation.json,IKD_Dataset/Rhythmic_Pattern_Annotations/IKD_015_rhythmic_patterns.json,Sundari Soekotjo,Sundari Soekotjo,source_artist_label
IKD_016,Lgm Saputangan - Gesang | Keroncong Asli Legendaris dari Karya Emas Gesang,GNP Music,Gesang,1939,pre_1980,studio_professional,https://www.youtube.com/watch?v=oMwsr07f1EE,Langgam,244.041746,IKD_016_lyrics.json,"[""IKD_016_E0001"", ""IKD_016_E0002"", ""IKD_016_E0003"", ""IKD_016_E0004"", ""IKD_016_E0005"", ""IKD_016_E0006"", ""IKD_016_E0007"", ""IKD_016_E0008"", ""IKD_016_E0009"", ""IKD_016_E0010"", ""IKD_016_E0011"", ""IKD_016_E0012"", ""IKD_016_E0013"", ""IKD_016_E0014"", ""IKD_016_E0015"", ""IKD_016_E0016"", ""IKD_016_E0017"", ""IKD_016_E0018"", ""IKD_016_E0019"", ""IKD_016_E0020"", ""IKD_016_E0021"", ""IKD_016_E0022"", ""IKD_016_E0023"", ""IKD_016_E0024""]",,indonesian,IKD_Dataset/Melisma_Events/IKD_016_completed_melisma_events.json,IKD_Dataset/Song_Annotations/IKD_016_completed_annotation.json,IKD_Dataset/Rhythmic_Pattern_Annotations/IKD_016_rhythmic_patterns.json,Gesang,Gesang,source_artist_label
IKD_017,Stambul Patah Sebelum Sampai-Dony Koeswinarno & Keroncong Indonesiaku,Dony Koeswinarno,Dony Koeswinarno & Keroncong Indonesiaku,2016,2000_2019,live_professional,https://www.youtube.com/watch?v=6T8UuGjPbnI,Stambul,283.852358,IKD_017_lyrics.json,"[""IKD_017_E0001"", ""IKD_017_E0002"", ""IKD_017_E0003"", ""IKD_017_E0004"", ""IKD_017_E0005"", ""IKD_017_E0006"", ""IKD_017_E0007"", ""IKD_017_E0008"", ""IKD_017_E0009"", ""IKD_017_E0010"", ""IKD_017_E0011"", ""IKD_017_E0012"", ""IKD_017_E0013"", ""IKD_017_E0014"", ""IKD_017_E0015"", ""IKD_017_E0016"", ""IKD_017_E0017"", ""IKD_017_E0018"", ""IKD_017_E0019"", ""IKD_017_E0020"", ""IKD_017_E0021"", ""IKD_017_E0022"", ""IKD_017_E0023"", ""IKD_017_E0024"", ""IKD_017_E0025"", ""IKD_017_E0026"", ""IKD_017_E0027"", ""IKD_017_E0028"", ""IKD_017_E0029"", ""IKD_017_E0030"", ""IKD_017_E0031"", ""IKD_017_E0032"", ""IKD_017_E0033"", ""IKD_017_E0034"", ""IKD_017_E0035"", ""IKD_017_E0036"", ""IKD_017_E0037"", ""IKD_017_E0038"", ""IKD_017_E0039"", ""IKD_017_E0040"", ""IKD_017_E0041"", ""IKD_017_E0042"", ""IKD_017_E0043"", ""IKD_017_E0044"", ""IKD_017_E0045"", ""IKD_017_E0046"", ""IKD_017_E0047"", ""IKD_017_E0048"", ""IKD_017_E0049"", ""IKD_017_E0050"", ""IKD_017_E0051"", ""IKD_017_E0052"", ""IKD_017_E0053"", ""IKD_017_E0054"", ""IKD_017_E0055"", ""IKD_017_E0056"", ""IKD_017_E0057"", ""IKD_017_E0058"", ""IKD_017_E0059"", ""IKD_017_E0060"", ""IKD_017_E0061"", ""IKD_017_E0062"", ""IKD_017_E0063"", ""IKD_017_E0064"", ""IKD_017_E0065"", ""IKD_017_E0066"", ""IKD_017_E0067"", ""IKD_017_E0068"", ""IKD_017_E0069"", ""IKD_017_E0070"", ""IKD_017_E0071"", ""IKD_017_E0072"", ""IKD_017_E0073"", ""IKD_017_E0074"", ""IKD_017_E0075""]",,indonesian,IKD_Dataset/Melisma_Events/IKD_017_completed_melisma_events.json,IKD_Dataset/Song_Annotations/IKD_017_completed_annotation.json,IKD_Dataset/Rhythmic_Pattern_Annotations/IKD_017_rhythmic_patterns.json,Dony Koeswinarno & Keroncong Indonesiaku,Dony Koeswinarno & Keroncong Indonesiaku,source_label_proxy
IKD_018,Keroncong Asli Kr Petir Mus Mulyadi - Musik Klasik Legendaris Indonesia,GNP Music,Mus Mulyadi,2018,2000_2019,studio_professional,https://www.youtube.com/watch?v=WHGrJgFOVEs,Keroncong Asli,288.043560,IKD_018_lyrics.json,"[""IKD_018_E0001"", ""IKD_018_E0002"", ""IKD_018_E0003"", ""IKD_018_E0004"", ""IKD_018_E0005"", ""IKD_018_E0006"", ""IKD_018_E0007"", ""IKD_018_E0008"", ""IKD_018_E0009"", ""IKD_018_E0010"", ""IKD_018_E0011"", ""IKD_018_E0012"", ""IKD_018_E0013"", ""IKD_018_E0014"", ""IKD_018_E0015"", ""IKD_018_E0016"", ""IKD_018_E0017"", ""IKD_018_E0018"", ""IKD_018_E0019"", ""IKD_018_E0020"", ""IKD_018_E0021"", ""IKD_018_E0022"", ""IKD_018_E0023"", ""IKD_018_E0024"", ""IKD_018_E0025"", ""IKD_018_E0026"", ""IKD_018_E0027"", ""IKD_018_E0028"", ""IKD_018_E0029"", ""IKD_018_E0030"", ""IKD_018_E0031"", ""IKD_018_E0032"", ""IKD_018_E0033"", ""IKD_018_E0034"", ""IKD_018_E0035"", ""IKD_018_E0036"", ""IKD_018_E0037"", ""IKD_018_E0038"", ""IKD_018_E0039"", ""IKD_018_E0040"", ""IKD_018_E0041"", ""IKD_018_E0042"", ""IKD_018_E0043"", ""IKD_018_E0044"", ""IKD_018_E0045"", ""IKD_018_E0046"", ""IKD_018_E0047"", ""IKD_018_E0048"", ""IKD_018_E0049"", ""IKD_018_E0050"", ""IKD_018_E0051"", ""IKD_018_E0052"", ""IKD_018_E0053"", ""IKD_018_E0054"", ""IKD_018_E0055"", ""IKD_018_E0056"", ""IKD_018_E0057"", ""IKD_018_E0058"", ""IKD_018_E0059"", ""IKD_018_E0060"", ""IKD_018_E0061"", ""IKD_018_E0062"", ""IKD_018_E0063"", ""IKD_018_E0064"", ""IKD_018_E0065"", ""IKD_018_E0066"", ""IKD_018_E0067"", ""IKD_018_E0068"", ""IKD_018_E0069"", ""IKD_018_E0070"", ""IKD_018_E0071"", ""IKD_018_E0072"", ""IKD_018_E0073"", ""IKD_018_E0074"", ""IKD_018_E0075"", ""IKD_018_E0076"", ""IKD_018_E0077"", ""IKD_018_E0078"", ""IKD_018_E0079"", ""IKD_018_E0080"", ""IKD_018_E0081"", ""IKD_018_E0082"", ""IKD_018_E0083"", ""IKD_018_E0084"", ""IKD_018_E0085"", ""IKD_018_E0086"", ""IKD_018_E0087"", ""IKD_018_E0088"", ""IKD_018_E0089"", ""IKD_018_E0090"", ""IKD_018_E0091"", ""IKD_018_E0092"", ""IKD_018_E0093"", ""IKD_018_E0094"", ""IKD_018_E0095"", ""IKD_018_E0096""]",,indonesian,IKD_Dataset/Melisma_Events/IKD_018_completed_melisma_events.json,IKD_Dataset/Song_Annotations/IKD_018_completed_annotation.json,IKD_Dataset/Rhythmic_Pattern_Annotations/IKD_018_rhythmic_patterns.json,Petir Mus Mulyadi,Mus Mulyadi,confirmed_user
IKD_019,Kr. Moresko,Toto Salmon - Topic,Toto Salmon,2006,2000_2019,studio_professional,https://www.youtube.com/watch?v=Lz1slGMF-1I,Keroncong Asli,296.173333,IKD_019_lyrics.json,"[""IKD_019_E0001"", ""IKD_019_E0002"", ""IKD_019_E0003"", ""IKD_019_E0004"", ""IKD_019_E0005"", ""IKD_019_E0006"", ""IKD_019_E0007"", ""IKD_019_E0008"", ""IKD_019_E0009"", ""IKD_019_E0010"", ""IKD_019_E0011"", ""IKD_019_E0012"", ""IKD_019_E0013"", ""IKD_019_E0014"", ""IKD_019_E0015"", ""IKD_019_E0016"", ""IKD_019_E0017"", ""IKD_019_E0018"", ""IKD_019_E0019"", ""IKD_019_E0020"", ""IKD_019_E0021"", ""IKD_019_E0022"", ""IKD_019_E0023"", ""IKD_019_E0024"", ""IKD_019_E0025"", ""IKD_019_E0026"", ""IKD_019_E0027"", ""IKD_019_E0028"", ""IKD_019_E0029"", ""IKD_019_E0030"", ""IKD_019_E0031"", ""IKD_019_E0032"", ""IKD_019_E0033"", ""IKD_019_E0034"", ""IKD_019_E0035"", ""IKD_019_E0036"", ""IKD_019_E0037"", ""IKD_019_E0038"", ""IKD_019_E0039"", ""IKD_019_E0040"", ""IKD_019_E0041"", ""IKD_019_E0042"", ""IKD_019_E0043"", ""IKD_019_E0044"", ""IKD_019_E0045"", ""IKD_019_E0046"", ""IKD_019_E0047"", ""IKD_019_E0048"", ""IKD_019_E0049"", ""IKD_019_E0050"", ""IKD_019_E0051"", ""IKD_019_E0052"", ""IKD_019_E0053"", ""IKD_019_E0054"", ""IKD_019_E0055"", ""IKD_019_E0056"", ""IKD_019_E0057"", ""IKD_019_E0058"", ""IKD_019_E0059"", ""IKD_019_E0060"", ""IKD_019_E0061"", ""IKD_019_E0062"", ""IKD_019_E0063"", ""IKD_019_E0064"", ""IKD_019_E0065"", ""IKD_019_E0066"", ""IKD_019_E0067"", ""IKD_019_E0068"", ""IKD_019_E0069"", ""IKD_019_E0070"", ""IKD_019_E0071"", ""IKD_019_E0072"", ""IKD_019_E0073"", ""IKD_019_E0074"", ""IKD_019_E0075"", ""IKD_019_E0076"", ""IKD_019_E0077"", ""IKD_019_E0078"", ""IKD_019_E0079"", ""IKD_019_E0080"", ""IKD_019_E0081"", ""IKD_019_E0082"", ""IKD_019_E0083"", ""IKD_019_E0084"", ""IKD_019_E0085"", ""IKD_019_E0086"", ""IKD_019_E0087"", ""IKD_019_E0088"", ""IKD_019_E0089"", ""IKD_019_E0090"", ""IKD_019_E0091"", ""IKD_019_E0092"", ""IKD_019_E0093"", ""IKD_019_E0094"", ""IKD_019_E0095"", ""IKD_019_E0096"", ""IKD_019_E0097"", ""IKD_019_E0098"", ""IKD_019_E0099"", ""IKD_019_E0100"", ""IKD_019_E0101"", ""IKD_019_E0102""]",,indonesian,IKD_Dataset/Melisma_Events/IKD_019_completed_melisma_events.json,IKD_Dataset/Song_Annotations/IKD_019_completed_annotation.json,IKD_Dataset/Rhythmic_Pattern_Annotations/IKD_019_rhythmic_patterns.json,Toto Salmon,Toto Salmon,confirmed_user
IKD_020,MATI URIP KARO KOWE - NIKEN SALINDRY FT  SIHO - KERONCONG,LANGEN SWARA,NIKEN SALINDRY FT SIHO,2025,2020_plus,live_professional,https://www.youtube.com/watch?v=fmJNu7x3NkA,Pop Keroncong,309.243379,IKD_020_lyrics.json,"[""IKD_020_E0001"", ""IKD_020_E0002"", ""IKD_020_E0003"", ""IKD_020_E0004"", ""IKD_020_E0005"", ""IKD_020_E0006"", ""IKD_020_E0007"", ""IKD_020_E0008"", ""IKD_020_E0009"", ""IKD_020_E0010"", ""IKD_020_E0011"", ""IKD_020_E0012"", ""IKD_020_E0013"", ""IKD_020_E0014"", ""IKD_020_E0015"", ""IKD_020_E0016"", ""IKD_020_E0017"", ""IKD_020_E0018"", ""IKD_020_E0019"", ""IKD_020_E0020"", ""IKD_020_E0021"", ""IKD_020_E0022"", ""IKD_020_E0023"", ""IKD_020_E0024"", ""IKD_020_E0025"", ""IKD_020_E0026"", ""IKD_020_E0027"", ""IKD_020_E0028"", ""IKD_020_E0029"", ""IKD_020_E0030"", ""IKD_020_E0031"", ""IKD_020_E0032"", ""IKD_020_E0033"", ""IKD_020_E0034"", ""IKD_020_E0035"", ""IKD_020_E0036"", ""IKD_020_E0037"", ""IKD_020_E0038"", ""IKD_020_E0039"", ""IKD_020_E0040"", ""IKD_020_E0041"", ""IKD_020_E0042"", ""IKD_020_E0043"", ""IKD_020_E0044"", ""IKD_020_E0045"", ""IKD_020_E0046"", ""IKD_020_E0047"", ""IKD_020_E0048"", ""IKD_020_E0049"", ""IKD_020_E0050"", ""IKD_020_E0051"", ""IKD_020_E0052"", ""IKD_020_E0053"", ""IKD_020_E0054"", ""IKD_020_E0055"", ""IKD_020_E0056"", ""IKD_020_E0057"", ""IKD_020_E0058"", ""IKD_020_E0059"", ""IKD_020_E0060"", ""IKD_020_E0061"", ""IKD_020_E0062"", ""IKD_020_E0063"", ""IKD_020_E0064"", ""IKD_020_E0065""]",the original music was created around 1998,javanese,IKD_Dataset/Melisma_Events/IKD_020_completed_melisma_events.json,IKD_Dataset/Song_Annotations/IKD_020_completed_annotation.json,IKD_Dataset/Rhythmic_Pattern_Annotations/IKD_020_rhythmic_patterns.json,NIKEN SALINDRY FT SIHO,NIKEN SALINDRY FT SIHO,source_label_proxy
IKD_021,Kr. Bandar Jakarta,Toto Salmon - Topic,Toto Salmon,2019,2000_2019,studio_professional,https://www.youtube.com/watch?v=YV6QgvOK9GU,Keroncong Asli,343.120000,IKD_021_lyrics.json,"[""IKD_021_E0001"", ""IKD_021_E0002"", ""IKD_021_E0003"", ""IKD_021_E0004"", ""IKD_021_E0005"", ""IKD_021_E0006"", ""IKD_021_E0007"", ""IKD_021_E0008"", ""IKD_021_E0009"", ""IKD_021_E0010"", ""IKD_021_E0011"", ""IKD_021_E0012"", ""IKD_021_E0013"", ""IKD_021_E0014"", ""IKD_021_E0015"", ""IKD_021_E0016"", ""IKD_021_E0017"", ""IKD_021_E0018"", ""IKD_021_E0019"", ""IKD_021_E0020"", ""IKD_021_E0021"", ""IKD_021_E0022"", ""IKD_021_E0023"", ""IKD_021_E0024"", ""IKD_021_E0025"", ""IKD_021_E0026"", ""IKD_021_E0027"", ""IKD_021_E0028"", ""IKD_021_E0029"", ""IKD_021_E0030"", ""IKD_021_E0031"", ""IKD_021_E0032"", ""IKD_021_E0033"", ""IKD_021_E0034"", ""IKD_021_E0035"", ""IKD_021_E0036"", ""IKD_021_E0037"", ""IKD_021_E0038"", ""IKD_021_E0039"", ""IKD_021_E0040"", ""IKD_021_E0041"", ""IKD_021_E0042"", ""IKD_021_E0043"", ""IKD_021_E0044"", ""IKD_021_E0045"", ""IKD_021_E0046"", ""IKD_021_E0047"", ""IKD_021_E0048"", ""IKD_021_E0049"", ""IKD_021_E0050"", ""IKD_021_E0051"", ""IKD_021_E0052"", ""IKD_021_E0053"", ""IKD_021_E0054"", ""IKD_021_E0055"", ""IKD_021_E0056"", ""IKD_021_E0057"", ""IKD_021_E0058"", ""IKD_021_E0059"", ""IKD_021_E0060"", ""IKD_021_E0061"", ""IKD_021_E0062"", ""IKD_021_E0063"", ""IKD_021_E0064"", ""IKD_021_E0065"", ""IKD_021_E0066"", ""IKD_021_E0067"", ""IKD_021_E0068"", ""IKD_021_E0069"", ""IKD_021_E0070"", ""IKD_021_E0071"", ""IKD_021_E0072"", ""IKD_021_E0073"", ""IKD_021_E0074"", ""IKD_021_E0075"", ""IKD_021_E0076"", ""IKD_021_E0077"", ""IKD_021_E0078"", ""IKD_021_E0079"", ""IKD_021_E0080"", ""IKD_021_E0081"", ""IKD_021_E0082"", ""IKD_021_E0083"", ""IKD_021_E0084"", ""IKD_021_E0085"", ""IKD_021_E0086"", ""IKD_021_E0087"", ""IKD_021_E0088"", ""IKD_021_E0089"", ""IKD_021_E0090"", ""IKD_021_E0091"", ""IKD_021_E0092"", ""IKD_021_E0093"", ""IKD_021_E0094"", ""IKD_021_E0095"", ""IKD_021_E0096"", ""IKD_021_E0097"", ""IKD_021_E0098"", ""IKD_021_E0099"", ""IKD_021_E0100"", ""IKD_021_E0101"", ""IKD_021_E0102"", ""IKD_021_E0103"", ""IKD_021_E0104"", ""IKD_021_E0105"", ""IKD_021_E0106"", ""IKD_021_E0107"", ""IKD_021_E0108"", ""IKD_021_E0109"", ""IKD_021_E0110"", ""IKD_021_E0111"", ""IKD_021_E0112"", ""IKD_021_E0113"", ""IKD_021_E0114"", ""IKD_021_E0115"", ""IKD_021_E0116"", ""IKD_021_E0117"", ""IKD_021_E0118"", ""IKD_021_E0119"", ""IKD_021_E0120"", ""IKD_021_E0121"", ""IKD_021_E0122"", ""IKD_021_E0123"", ""IKD_021_E0124"", ""IKD_021_E0125"", ""IKD_021_E0126"", ""IKD_021_E0127"", ""IKD_021_E0128"", ""IKD_021_E0129"", ""IKD_021_E0130"", ""IKD_021_E0131"", ""IKD_021_E0132"", ""IKD_021_E0133"", ""IKD_021_E0134"", ""IKD_021_E0135"", ""IKD_021_E0136"", ""IKD_021_E0137"", ""IKD_021_E0138"", ""IKD_021_E0139"", ""IKD_021_E0140"", ""IKD_021_E0141"", ""IKD_021_E0142"", ""IKD_021_E0143"", ""IKD_021_E0144"", ""IKD_021_E0145"", ""IKD_021_E0146"", ""IKD_021_E0147"", ""IKD_021_E0148"", ""IKD_021_E0149"", ""IKD_021_E0150"", ""IKD_021_E0151"", ""IKD_021_E0152"", ""IKD_021_E0153"", ""IKD_021_E0154"", ""IKD_021_E0155"", ""IKD_021_E0156"", ""IKD_021_E0157"", ""IKD_021_E0158"", ""IKD_021_E0159"", ""IKD_021_E0160"", ""IKD_021_E0161"", ""IKD_021_E0162"", ""IKD_021_E0163"", ""IKD_021_E0164"", ""IKD_021_E0165"", ""IKD_021_E0166"", ""IKD_021_E0167"", ""IKD_021_E0168"", ""IKD_021_E0169"", ""IKD_021_E0170"", ""IKD_021_E0171"", ""IKD_021_E0172"", ""IKD_021_E0173"", ""IKD_021_E0174"", ""IKD_021_E0175"", ""IKD_021_E0176"", ""IKD_021_E0177"", ""IKD_021_E0178"", ""IKD_021_E0179"", ""IKD_021_E0180"", ""IKD_021_E0181"", ""IKD_021_E0182"", ""IKD_021_E0183"", ""IKD_021_E0184"", ""IKD_021_E0185"", ""IKD_021_E0186"", ""IKD_021_E0187"", ""IKD_021_E0188"", ""IKD_021_E0189"", ""IKD_021_E0190"", ""IKD_021_E0191"", ""IKD_021_E0192"", ""IKD_021_E0193"", ""IKD_021_E0194"", ""IKD_021_E0195"", ""IKD_021_E0196"", ""IKD_021_E0197"", ""IKD_021_E0198"", ""IKD_021_E0199"", ""IKD_021_E0200"", ""IKD_021_E0201"", ""IKD_021_E0202"", ""IKD_021_E0203"", ""IKD_021_E0204"", ""IKD_021_E0205"", ""IKD_021_E0206"", ""IKD_021_E0207"", ""IKD_021_E0208"", ""IKD_021_E0209"", ""IKD_021_E0210"", ""IKD_021_E0211"", ""IKD_021_E0212"", ""IKD_021_E0213"", ""IKD_021_E0214"", ""IKD_021_E0215"", ""IKD_021_E0216"", ""IKD_021_E0217"", ""IKD_021_E0218"", ""IKD_021_E0219"", ""IKD_021_E0220"", ""IKD_021_E0221"", ""IKD_021_E0222"", ""IKD_021_E0223"", ""IKD_021_E0224"", ""IKD_021_E0225"", ""IKD_021_E0226"", ""IKD_021_E0227"", ""IKD_021_E0228"", ""IKD_021_E0229"", ""IKD_021_E0230"", ""IKD_021_E0231"", ""IKD_021_E0232"", ""IKD_021_E0233"", ""IKD_021_E0234"", ""IKD_021_E0235"", ""IKD_021_E0236"", ""IKD_021_E0237"", ""IKD_021_E0238"", ""IKD_021_E0239"", ""IKD_021_E0240"", ""IKD_021_E0241"", ""IKD_021_E0242"", ""IKD_021_E0243"", ""IKD_021_E0244"", ""IKD_021_E0245"", ""IKD_021_E0246"", ""IKD_021_E0247"", ""IKD_021_E0248"", ""IKD_021_E0249"", ""IKD_021_E0250""]",,indonesian,IKD_Dataset/Melisma_Events/IKD_021_completed_melisma_events.json,IKD_Dataset/Song_Annotations/IKD_021_completed_annotation.json,IKD_Dataset/Rhythmic_Pattern_Annotations/IKD_021_rhythmic_patterns.json,,Toto Salmon,confirmed_user
IKD_022,Kr. RINDU MALAM,Sundari Soekotjo,Sundari Soekotjo,2024,2020_plus,studio_professional,https://www.youtube.com/watch?v=g63md9cb9kU,Keroncong Asli,327.968231,IKD_022_lyrics.json,"[""IKD_022_E0001"", ""IKD_022_E0002"", ""IKD_022_E0003"", ""IKD_022_E0004"", ""IKD_022_E0005"", ""IKD_022_E0006"", ""IKD_022_E0007"", ""IKD_022_E0008"", ""IKD_022_E0009"", ""IKD_022_E0010"", ""IKD_022_E0011"", ""IKD_022_E0012"", ""IKD_022_E0013"", ""IKD_022_E0014"", ""IKD_022_E0015"", ""IKD_022_E0016"", ""IKD_022_E0017"", ""IKD_022_E0018"", ""IKD_022_E0019"", ""IKD_022_E0020"", ""IKD_022_E0021"", ""IKD_022_E0022"", ""IKD_022_E0023"", ""IKD_022_E0024"", ""IKD_022_E0025"", ""IKD_022_E0026"", ""IKD_022_E0027"", ""IKD_022_E0028"", ""IKD_022_E0029"", ""IKD_022_E0030"", ""IKD_022_E0031"", ""IKD_022_E0032"", ""IKD_022_E0033"", ""IKD_022_E0034"", ""IKD_022_E0035"", ""IKD_022_E0036"", ""IKD_022_E0037"", ""IKD_022_E0038"", ""IKD_022_E0039"", ""IKD_022_E0040"", ""IKD_022_E0041"", ""IKD_022_E0042"", ""IKD_022_E0043"", ""IKD_022_E0044"", ""IKD_022_E0045"", ""IKD_022_E0046"", ""IKD_022_E0047"", ""IKD_022_E0048"", ""IKD_022_E0049"", ""IKD_022_E0050"", ""IKD_022_E0051"", ""IKD_022_E0052"", ""IKD_022_E0053"", ""IKD_022_E0054"", ""IKD_022_E0055"", ""IKD_022_E0056"", ""IKD_022_E0057"", ""IKD_022_E0058"", ""IKD_022_E0059"", ""IKD_022_E0060"", ""IKD_022_E0061"", ""IKD_022_E0062"", ""IKD_022_E0063"", ""IKD_022_E0064"", ""IKD_022_E0065"", ""IKD_022_E0066"", ""IKD_022_E0067"", ""IKD_022_E0068"", ""IKD_022_E0069"", ""IKD_022_E0070"", ""IKD_022_E0071"", ""IKD_022_E0072"", ""IKD_022_E0073"", ""IKD_022_E0074"", ""IKD_022_E0075"", ""IKD_022_E0076"", ""IKD_022_E0077"", ""IKD_022_E0078"", ""IKD_022_E0079"", ""IKD_022_E0080"", ""IKD_022_E0081"", ""IKD_022_E0082"", ""IKD_022_E0083"", ""IKD_022_E0084"", ""IKD_022_E0085"", ""IKD_022_E0086"", ""IKD_022_E0087"", ""IKD_022_E0088"", ""IKD_022_E0089"", ""IKD_022_E0090"", ""IKD_022_E0091"", ""IKD_022_E0092"", ""IKD_022_E0093"", ""IKD_022_E0094"", ""IKD_022_E0095"", ""IKD_022_E0096"", ""IKD_022_E0097"", ""IKD_022_E0098"", ""IKD_022_E0099"", ""IKD_022_E0100"", ""IKD_022_E0101"", ""IKD_022_E0102"", ""IKD_022_E0103"", ""IKD_022_E0104"", ""IKD_022_E0105"", ""IKD_022_E0106"", ""IKD_022_E0107"", ""IKD_022_E0108"", ""IKD_022_E0109"", ""IKD_022_E0110"", ""IKD_022_E0111"", ""IKD_022_E0112"", ""IKD_022_E0113"", ""IKD_022_E0114"", ""IKD_022_E0115"", ""IKD_022_E0116"", ""IKD_022_E0117"", ""IKD_022_E0118"", ""IKD_022_E0119"", ""IKD_022_E0120"", ""IKD_022_E0121"", ""IKD_022_E0122"", ""IKD_022_E0123"", ""IKD_022_E0124"", ""IKD_022_E0125"", ""IKD_022_E0126"", ""IKD_022_E0127"", ""IKD_022_E0128"", ""IKD_022_E0129"", ""IKD_022_E0130"", ""IKD_022_E0131"", ""IKD_022_E0132"", ""IKD_022_E0133"", ""IKD_022_E0134"", ""IKD_022_E0135"", ""IKD_022_E0136"", ""IKD_022_E0137"", ""IKD_022_E0138"", ""IKD_022_E0139"", ""IKD_022_E0140"", ""IKD_022_E0141"", ""IKD_022_E0142"", ""IKD_022_E0143"", ""IKD_022_E0144"", ""IKD_022_E0145"", ""IKD_022_E0146"", ""IKD_022_E0147"", ""IKD_022_E0148"", ""IKD_022_E0149"", ""IKD_022_E0150"", ""IKD_022_E0151"", ""IKD_022_E0152"", ""IKD_022_E0153"", ""IKD_022_E0154"", ""IKD_022_E0155"", ""IKD_022_E0156"", ""IKD_022_E0157"", ""IKD_022_E0158"", ""IKD_022_E0159"", ""IKD_022_E0160"", ""IKD_022_E0161"", ""IKD_022_E0162"", ""IKD_022_E0163"", ""IKD_022_E0164"", ""IKD_022_E0165"", ""IKD_022_E0166"", ""IKD_022_E0167"", ""IKD_022_E0168"", ""IKD_022_E0169"", ""IKD_022_E0170"", ""IKD_022_E0171"", ""IKD_022_E0172"", ""IKD_022_E0173"", ""IKD_022_E0174"", ""IKD_022_E0175"", ""IKD_022_E0176"", ""IKD_022_E0177"", ""IKD_022_E0178"", ""IKD_022_E0179"", ""IKD_022_E0180"", ""IKD_022_E0181"", ""IKD_022_E0182"", ""IKD_022_E0183"", ""IKD_022_E0184"", ""IKD_022_E0185"", ""IKD_022_E0186"", ""IKD_022_E0187"", ""IKD_022_E0188"", ""IKD_022_E0189"", ""IKD_022_E0190"", ""IKD_022_E0191"", ""IKD_022_E0192"", ""IKD_022_E0193"", ""IKD_022_E0194"", ""IKD_022_E0195"", ""IKD_022_E0196"", ""IKD_022_E0197"", ""IKD_022_E0198"", ""IKD_022_E0199""]",the original music was created around 1990,indonesian,IKD_Dataset/Melisma_Events/IKD_022_completed_melisma_events.json,IKD_Dataset/Song_Annotations/IKD_022_completed_annotation.json,IKD_Dataset/Rhythmic_Pattern_Annotations/IKD_022_rhythmic_patterns.json,Sundari Soekotjo,Sundari Soekotjo,source_artist_label
IKD_023,Stambul Cha Cha,Oslan Husein - Topic,Oslan Husein,1964,pre_1980,studio_professional,https://www.youtube.com/watch?v=ENMBvCggWHI,Stambul,159.133333,IKD_023_lyrics.json,"[""IKD_023_E0001"", ""IKD_023_E0002"", ""IKD_023_E0003"", ""IKD_023_E0004"", ""IKD_023_E0005"", ""IKD_023_E0006"", ""IKD_023_E0007"", ""IKD_023_E0008"", ""IKD_023_E0009"", ""IKD_023_E0010"", ""IKD_023_E0011"", ""IKD_023_E0012"", ""IKD_023_E0013"", ""IKD_023_E0014"", ""IKD_023_E0015"", ""IKD_023_E0016"", ""IKD_023_E0017"", ""IKD_023_E0018"", ""IKD_023_E0019"", ""IKD_023_E0020"", ""IKD_023_E0021"", ""IKD_023_E0022"", ""IKD_023_E0023"", ""IKD_023_E0024"", ""IKD_023_E0025"", ""IKD_023_E0026"", ""IKD_023_E0027"", ""IKD_023_E0028"", ""IKD_023_E0029"", ""IKD_023_E0030"", ""IKD_023_E0031"", ""IKD_023_E0032"", ""IKD_023_E0033"", ""IKD_023_E0034"", ""IKD_023_E0035"", ""IKD_023_E0036"", ""IKD_023_E0037"", ""IKD_023_E0038"", ""IKD_023_E0039"", ""IKD_023_E0040"", ""IKD_023_E0041"", ""IKD_023_E0042"", ""IKD_023_E0043"", ""IKD_023_E0044"", ""IKD_023_E0045"", ""IKD_023_E0046"", ""IKD_023_E0047"", ""IKD_023_E0048"", ""IKD_023_E0049"", ""IKD_023_E0050"", ""IKD_023_E0051"", ""IKD_023_E0052"", ""IKD_023_E0053"", ""IKD_023_E0054"", ""IKD_023_E0055"", ""IKD_023_E0056"", ""IKD_023_E0057"", ""IKD_023_E0058"", ""IKD_023_E0059"", ""IKD_023_E0060"", ""IKD_023_E0061"", ""IKD_023_E0062"", ""IKD_023_E0063"", ""IKD_023_E0064"", ""IKD_023_E0065"", ""IKD_023_E0066"", ""IKD_023_E0067"", ""IKD_023_E0068"", ""IKD_023_E0069"", ""IKD_023_E0070"", ""IKD_023_E0071"", ""IKD_023_E0072"", ""IKD_023_E0073"", ""IKD_023_E0074"", ""IKD_023_E0075"", ""IKD_023_E0076"", ""IKD_023_E0077"", ""IKD_023_E0078"", ""IKD_023_E0079"", ""IKD_023_E0080"", ""IKD_023_E0081"", ""IKD_023_E0082"", ""IKD_023_E0083"", ""IKD_023_E0084"", ""IKD_023_E0085"", ""IKD_023_E0086"", ""IKD_023_E0087"", ""IKD_023_E0088"", ""IKD_023_E0089"", ""IKD_023_E0090"", ""IKD_023_E0091"", ""IKD_023_E0092"", ""IKD_023_E0093"", ""IKD_023_E0094"", ""IKD_023_E0095"", ""IKD_023_E0096"", ""IKD_023_E0097"", ""IKD_023_E0098"", ""IKD_023_E0099"", ""IKD_023_E0100"", ""IKD_023_E0101"", ""IKD_023_E0102"", ""IKD_023_E0103"", ""IKD_023_E0104"", ""IKD_023_E0105"", ""IKD_023_E0106"", ""IKD_023_E0107"", ""IKD_023_E0108"", ""IKD_023_E0109"", ""IKD_023_E0110"", ""IKD_023_E0111"", ""IKD_023_E0112"", ""IKD_023_E0113"", ""IKD_023_E0114"", ""IKD_023_E0115"", ""IKD_023_E0116"", ""IKD_023_E0117"", ""IKD_023_E0118"", ""IKD_023_E0119"", ""IKD_023_E0120"", ""IKD_023_E0121"", ""IKD_023_E0122"", ""IKD_023_E0123"", ""IKD_023_E0124"", ""IKD_023_E0125"", ""IKD_023_E0126"", ""IKD_023_E0127"", ""IKD_023_E0128"", ""IKD_023_E0129"", ""IKD_023_E0130"", ""IKD_023_E0131"", ""IKD_023_E0132"", ""IKD_023_E0133"", ""IKD_023_E0134"", ""IKD_023_E0135"", ""IKD_023_E0136"", ""IKD_023_E0137"", ""IKD_023_E0138"", ""IKD_023_E0139"", ""IKD_023_E0140"", ""IKD_023_E0141"", ""IKD_023_E0142"", ""IKD_023_E0143"", ""IKD_023_E0144"", ""IKD_023_E0145"", ""IKD_023_E0146"", ""IKD_023_E0147"", ""IKD_023_E0148"", ""IKD_023_E0149"", ""IKD_023_E0150"", ""IKD_023_E0151"", ""IKD_023_E0152"", ""IKD_023_E0153"", ""IKD_023_E0154"", ""IKD_023_E0155"", ""IKD_023_E0156"", ""IKD_023_E0157"", ""IKD_023_E0158"", ""IKD_023_E0159"", ""IKD_023_E0160"", ""IKD_023_E0161""]",,"mixed(betawi, sunda, jawa, minang)",IKD_Dataset/Melisma_Events/IKD_023_completed_melisma_events.json,IKD_Dataset/Song_Annotations/IKD_023_completed_annotation.json,IKD_Dataset/Rhythmic_Pattern_Annotations/IKD_023_rhythmic_patterns.json,Oslan Husein,Oslan Husein,source_artist_label
IKD_024,Stb. Baju Biru,Toto Salmon - Topic,Toto Salmon,2006,2000_2019,studio_professional,https://www.youtube.com/watch?v=wCvSZHrtwYc,Stambul,290.826667,IKD_024_lyrics.json,"[""IKD_024_E0001"", ""IKD_024_E0002"", ""IKD_024_E0003"", ""IKD_024_E0004"", ""IKD_024_E0005"", ""IKD_024_E0006"", ""IKD_024_E0007"", ""IKD_024_E0008"", ""IKD_024_E0009"", ""IKD_024_E0010"", ""IKD_024_E0011"", ""IKD_024_E0012"", ""IKD_024_E0013"", ""IKD_024_E0014"", ""IKD_024_E0015"", ""IKD_024_E0016"", ""IKD_024_E0017"", ""IKD_024_E0018"", ""IKD_024_E0019"", ""IKD_024_E0020"", ""IKD_024_E0021"", ""IKD_024_E0022"", ""IKD_024_E0023"", ""IKD_024_E0024"", ""IKD_024_E0025"", ""IKD_024_E0026"", ""IKD_024_E0027"", ""IKD_024_E0028"", ""IKD_024_E0029"", ""IKD_024_E0030"", ""IKD_024_E0031"", ""IKD_024_E0032"", ""IKD_024_E0033"", ""IKD_024_E0034"", ""IKD_024_E0035"", ""IKD_024_E0036"", ""IKD_024_E0037"", ""IKD_024_E0038"", ""IKD_024_E0039"", ""IKD_024_E0040"", ""IKD_024_E0041"", ""IKD_024_E0042"", ""IKD_024_E0043"", ""IKD_024_E0044"", ""IKD_024_E0045"", ""IKD_024_E0046"", ""IKD_024_E0047"", ""IKD_024_E0048"", ""IKD_024_E0049"", ""IKD_024_E0050"", ""IKD_024_E0051"", ""IKD_024_E0052"", ""IKD_024_E0053"", ""IKD_024_E0054"", ""IKD_024_E0055"", ""IKD_024_E0056"", ""IKD_024_E0057"", ""IKD_024_E0058"", ""IKD_024_E0059"", ""IKD_024_E0060"", ""IKD_024_E0061"", ""IKD_024_E0062"", ""IKD_024_E0063"", ""IKD_024_E0064"", ""IKD_024_E0065"", ""IKD_024_E0066"", ""IKD_024_E0067"", ""IKD_024_E0068"", ""IKD_024_E0069"", ""IKD_024_E0070"", ""IKD_024_E0071"", ""IKD_024_E0072"", ""IKD_024_E0073"", ""IKD_024_E0074"", ""IKD_024_E0075"", ""IKD_024_E0076"", ""IKD_024_E0077"", ""IKD_024_E0078"", ""IKD_024_E0079"", ""IKD_024_E0080"", ""IKD_024_E0081"", ""IKD_024_E0082"", ""IKD_024_E0083"", ""IKD_024_E0084"", ""IKD_024_E0085"", ""IKD_024_E0086"", ""IKD_024_E0087"", ""IKD_024_E0088"", ""IKD_024_E0089"", ""IKD_024_E0090"", ""IKD_024_E0091"", ""IKD_024_E0092"", ""IKD_024_E0093"", ""IKD_024_E0094"", ""IKD_024_E0095"", ""IKD_024_E0096"", ""IKD_024_E0097"", ""IKD_024_E0098"", ""IKD_024_E0099"", ""IKD_024_E0100"", ""IKD_024_E0101"", ""IKD_024_E0102"", ""IKD_024_E0103"", ""IKD_024_E0104"", ""IKD_024_E0105"", ""IKD_024_E0106"", ""IKD_024_E0107"", ""IKD_024_E0108"", ""IKD_024_E0109"", ""IKD_024_E0110"", ""IKD_024_E0111"", ""IKD_024_E0112"", ""IKD_024_E0113"", ""IKD_024_E0114"", ""IKD_024_E0115"", ""IKD_024_E0116"", ""IKD_024_E0117"", ""IKD_024_E0118"", ""IKD_024_E0119"", ""IKD_024_E0120"", ""IKD_024_E0121"", ""IKD_024_E0122"", ""IKD_024_E0123"", ""IKD_024_E0124"", ""IKD_024_E0125"", ""IKD_024_E0126"", ""IKD_024_E0127"", ""IKD_024_E0128"", ""IKD_024_E0129"", ""IKD_024_E0130"", ""IKD_024_E0131"", ""IKD_024_E0132"", ""IKD_024_E0133"", ""IKD_024_E0134"", ""IKD_024_E0135"", ""IKD_024_E0136"", ""IKD_024_E0137"", ""IKD_024_E0138"", ""IKD_024_E0139"", ""IKD_024_E0140"", ""IKD_024_E0141"", ""IKD_024_E0142"", ""IKD_024_E0143"", ""IKD_024_E0144"", ""IKD_024_E0145"", ""IKD_024_E0146"", ""IKD_024_E0147"", ""IKD_024_E0148"", ""IKD_024_E0149"", ""IKD_024_E0150"", ""IKD_024_E0151"", ""IKD_024_E0152"", ""IKD_024_E0153"", ""IKD_024_E0154"", ""IKD_024_E0155"", ""IKD_024_E0156"", ""IKD_024_E0157"", ""IKD_024_E0158"", ""IKD_024_E0159"", ""IKD_024_E0160"", ""IKD_024_E0161"", ""IKD_024_E0162"", ""IKD_024_E0163"", ""IKD_024_E0164"", ""IKD_024_E0165"", ""IKD_024_E0166"", ""IKD_024_E0167"", ""IKD_024_E0168"", ""IKD_024_E0169"", ""IKD_024_E0170"", ""IKD_024_E0171"", ""IKD_024_E0172"", ""IKD_024_E0173"", ""IKD_024_E0174"", ""IKD_024_E0175"", ""IKD_024_E0176"", ""IKD_024_E0177"", ""IKD_024_E0178"", ""IKD_024_E0179"", ""IKD_024_E0180"", ""IKD_024_E0181"", ""IKD_024_E0182"", ""IKD_024_E0183"", ""IKD_024_E0184"", ""IKD_024_E0185"", ""IKD_024_E0186"", ""IKD_024_E0187"", ""IKD_024_E0188"", ""IKD_024_E0189"", ""IKD_024_E0190"", ""IKD_024_E0191"", ""IKD_024_E0192"", ""IKD_024_E0193"", ""IKD_024_E0194"", ""IKD_024_E0195"", ""IKD_024_E0196"", ""IKD_024_E0197""]",,indonesian,IKD_Dataset/Melisma_Events/IKD_024_completed_melisma_events.json,IKD_Dataset/Song_Annotations/IKD_024_completed_annotation.json,IKD_Dataset/Rhythmic_Pattern_Annotations/IKD_024_rhythmic_patterns.json,Toto Salmon,Toto Salmon,confirmed_user
IKD_025,STB. Jauh Di mata,Tuti Tri Sedya - Topic,Tuti Tri Sedya,1998,1980_1999,studio_professional,https://www.youtube.com/watch?v=GfiKJfUOd-M,Stambul,261.120000,IKD_025_lyrics.json,"[""IKD_025_E0001"", ""IKD_025_E0002"", ""IKD_025_E0003"", ""IKD_025_E0004"", ""IKD_025_E0005"", ""IKD_025_E0006"", ""IKD_025_E0007"", ""IKD_025_E0008"", ""IKD_025_E0009"", ""IKD_025_E0010"", ""IKD_025_E0011"", ""IKD_025_E0012"", ""IKD_025_E0013"", ""IKD_025_E0014"", ""IKD_025_E0015"", ""IKD_025_E0016"", ""IKD_025_E0017"", ""IKD_025_E0018"", ""IKD_025_E0019"", ""IKD_025_E0020"", ""IKD_025_E0021"", ""IKD_025_E0022"", ""IKD_025_E0023"", ""IKD_025_E0024"", ""IKD_025_E0025"", ""IKD_025_E0026"", ""IKD_025_E0027"", ""IKD_025_E0028"", ""IKD_025_E0029"", ""IKD_025_E0030"", ""IKD_025_E0031"", ""IKD_025_E0032"", ""IKD_025_E0033"", ""IKD_025_E0034"", ""IKD_025_E0035"", ""IKD_025_E0036"", ""IKD_025_E0037"", ""IKD_025_E0038"", ""IKD_025_E0039"", ""IKD_025_E0040"", ""IKD_025_E0041"", ""IKD_025_E0042"", ""IKD_025_E0043"", ""IKD_025_E0044"", ""IKD_025_E0045"", ""IKD_025_E0046"", ""IKD_025_E0047"", ""IKD_025_E0048"", ""IKD_025_E0049"", ""IKD_025_E0050"", ""IKD_025_E0051"", ""IKD_025_E0052"", ""IKD_025_E0053"", ""IKD_025_E0054"", ""IKD_025_E0055"", ""IKD_025_E0056"", ""IKD_025_E0057"", ""IKD_025_E0058"", ""IKD_025_E0059"", ""IKD_025_E0060"", ""IKD_025_E0061"", ""IKD_025_E0062"", ""IKD_025_E0063"", ""IKD_025_E0064"", ""IKD_025_E0065"", ""IKD_025_E0066"", ""IKD_025_E0067"", ""IKD_025_E0068"", ""IKD_025_E0069"", ""IKD_025_E0070"", ""IKD_025_E0071"", ""IKD_025_E0072"", ""IKD_025_E0073"", ""IKD_025_E0074"", ""IKD_025_E0075"", ""IKD_025_E0076"", ""IKD_025_E0077"", ""IKD_025_E0078"", ""IKD_025_E0079"", ""IKD_025_E0080"", ""IKD_025_E0081"", ""IKD_025_E0082"", ""IKD_025_E0083"", ""IKD_025_E0084"", ""IKD_025_E0085"", ""IKD_025_E0086"", ""IKD_025_E0087"", ""IKD_025_E0088"", ""IKD_025_E0089"", ""IKD_025_E0090"", ""IKD_025_E0091"", ""IKD_025_E0092"", ""IKD_025_E0093"", ""IKD_025_E0094"", ""IKD_025_E0095"", ""IKD_025_E0096"", ""IKD_025_E0097"", ""IKD_025_E0098"", ""IKD_025_E0099"", ""IKD_025_E0100"", ""IKD_025_E0101"", ""IKD_025_E0102"", ""IKD_025_E0103"", ""IKD_025_E0104"", ""IKD_025_E0105"", ""IKD_025_E0106"", ""IKD_025_E0107"", ""IKD_025_E0108"", ""IKD_025_E0109"", ""IKD_025_E0110"", ""IKD_025_E0111"", ""IKD_025_E0112"", ""IKD_025_E0113"", ""IKD_025_E0114"", ""IKD_025_E0115"", ""IKD_025_E0116"", ""IKD_025_E0117"", ""IKD_025_E0118"", ""IKD_025_E0119"", ""IKD_025_E0120"", ""IKD_025_E0121"", ""IKD_025_E0122"", ""IKD_025_E0123"", ""IKD_025_E0124"", ""IKD_025_E0125"", ""IKD_025_E0126"", ""IKD_025_E0127"", ""IKD_025_E0128"", ""IKD_025_E0129"", ""IKD_025_E0130"", ""IKD_025_E0131"", ""IKD_025_E0132"", ""IKD_025_E0133"", ""IKD_025_E0134"", ""IKD_025_E0135"", ""IKD_025_E0136"", ""IKD_025_E0137"", ""IKD_025_E0138"", ""IKD_025_E0139"", ""IKD_025_E0140"", ""IKD_025_E0141"", ""IKD_025_E0142"", ""IKD_025_E0143"", ""IKD_025_E0144"", ""IKD_025_E0145"", ""IKD_025_E0146"", ""IKD_025_E0147"", ""IKD_025_E0148"", ""IKD_025_E0149"", ""IKD_025_E0150"", ""IKD_025_E0151"", ""IKD_025_E0152"", ""IKD_025_E0153"", ""IKD_025_E0154"", ""IKD_025_E0155"", ""IKD_025_E0156"", ""IKD_025_E0157"", ""IKD_025_E0158"", ""IKD_025_E0159"", ""IKD_025_E0160"", ""IKD_025_E0161"", ""IKD_025_E0162"", ""IKD_025_E0163"", ""IKD_025_E0164"", ""IKD_025_E0165"", ""IKD_025_E0166"", ""IKD_025_E0167"", ""IKD_025_E0168"", ""IKD_025_E0169"", ""IKD_025_E0170"", ""IKD_025_E0171"", ""IKD_025_E0172"", ""IKD_025_E0173"", ""IKD_025_E0174"", ""IKD_025_E0175"", ""IKD_025_E0176"", ""IKD_025_E0177"", ""IKD_025_E0178"", ""IKD_025_E0179"", ""IKD_025_E0180"", ""IKD_025_E0181"", ""IKD_025_E0182"", ""IKD_025_E0183"", ""IKD_025_E0184"", ""IKD_025_E0185""]",,indonesian,IKD_Dataset/Melisma_Events/IKD_025_completed_melisma_events.json,IKD_Dataset/Song_Annotations/IKD_025_completed_annotation.json,IKD_Dataset/Rhythmic_Pattern_Annotations/IKD_025_rhythmic_patterns.json,Tuty Tri Sedya,Tuti Tri Sedya,confirmed_user
IKD_026,Stb. Jangan Menyesal,Toto Salmon - Topic,Toto Salmon,2006,2000_2019,studio_professional,https://www.youtube.com/watch?v=Xdk_u_nwTFc,Stambul,277.013333,IKD_026_lyrics.json,"[""IKD_026_E0001"", ""IKD_026_E0002"", ""IKD_026_E0003"", ""IKD_026_E0004"", ""IKD_026_E0005"", ""IKD_026_E0006"", ""IKD_026_E0007"", ""IKD_026_E0008"", ""IKD_026_E0009"", ""IKD_026_E0010"", ""IKD_026_E0011"", ""IKD_026_E0012"", ""IKD_026_E0013"", ""IKD_026_E0014"", ""IKD_026_E0015"", ""IKD_026_E0016"", ""IKD_026_E0017"", ""IKD_026_E0018"", ""IKD_026_E0019"", ""IKD_026_E0020"", ""IKD_026_E0021"", ""IKD_026_E0022"", ""IKD_026_E0023"", ""IKD_026_E0024"", ""IKD_026_E0025"", ""IKD_026_E0026"", ""IKD_026_E0027"", ""IKD_026_E0028"", ""IKD_026_E0029"", ""IKD_026_E0030"", ""IKD_026_E0031"", ""IKD_026_E0032"", ""IKD_026_E0033"", ""IKD_026_E0034"", ""IKD_026_E0035"", ""IKD_026_E0036"", ""IKD_026_E0037"", ""IKD_026_E0038"", ""IKD_026_E0039"", ""IKD_026_E0040"", ""IKD_026_E0041"", ""IKD_026_E0042"", ""IKD_026_E0043"", ""IKD_026_E0044"", ""IKD_026_E0045"", ""IKD_026_E0046"", ""IKD_026_E0047"", ""IKD_026_E0048"", ""IKD_026_E0049"", ""IKD_026_E0050"", ""IKD_026_E0051"", ""IKD_026_E0052"", ""IKD_026_E0053"", ""IKD_026_E0054"", ""IKD_026_E0055"", ""IKD_026_E0056"", ""IKD_026_E0057"", ""IKD_026_E0058"", ""IKD_026_E0059"", ""IKD_026_E0060"", ""IKD_026_E0061"", ""IKD_026_E0062"", ""IKD_026_E0063"", ""IKD_026_E0064"", ""IKD_026_E0065"", ""IKD_026_E0066"", ""IKD_026_E0067"", ""IKD_026_E0068"", ""IKD_026_E0069"", ""IKD_026_E0070"", ""IKD_026_E0071"", ""IKD_026_E0072"", ""IKD_026_E0073"", ""IKD_026_E0074"", ""IKD_026_E0075"", ""IKD_026_E0076"", ""IKD_026_E0077"", ""IKD_026_E0078"", ""IKD_026_E0079"", ""IKD_026_E0080"", ""IKD_026_E0081"", ""IKD_026_E0082"", ""IKD_026_E0083"", ""IKD_026_E0084"", ""IKD_026_E0085"", ""IKD_026_E0086"", ""IKD_026_E0087"", ""IKD_026_E0088"", ""IKD_026_E0089"", ""IKD_026_E0090"", ""IKD_026_E0091"", ""IKD_026_E0092"", ""IKD_026_E0093"", ""IKD_026_E0094"", ""IKD_026_E0095"", ""IKD_026_E0096"", ""IKD_026_E0097"", ""IKD_026_E0098"", ""IKD_026_E0099"", ""IKD_026_E0100"", ""IKD_026_E0101"", ""IKD_026_E0102"", ""IKD_026_E0103"", ""IKD_026_E0104"", ""IKD_026_E0105"", ""IKD_026_E0106"", ""IKD_026_E0107"", ""IKD_026_E0108"", ""IKD_026_E0109"", ""IKD_026_E0110"", ""IKD_026_E0111"", ""IKD_026_E0112"", ""IKD_026_E0113"", ""IKD_026_E0114"", ""IKD_026_E0115"", ""IKD_026_E0116"", ""IKD_026_E0117"", ""IKD_026_E0118"", ""IKD_026_E0119"", ""IKD_026_E0120"", ""IKD_026_E0121"", ""IKD_026_E0122"", ""IKD_026_E0123"", ""IKD_026_E0124"", ""IKD_026_E0125"", ""IKD_026_E0126"", ""IKD_026_E0127"", ""IKD_026_E0128"", ""IKD_026_E0129"", ""IKD_026_E0130"", ""IKD_026_E0131"", ""IKD_026_E0132"", ""IKD_026_E0133"", ""IKD_026_E0134"", ""IKD_026_E0135"", ""IKD_026_E0136"", ""IKD_026_E0137"", ""IKD_026_E0138"", ""IKD_026_E0139"", ""IKD_026_E0140"", ""IKD_026_E0141"", ""IKD_026_E0142"", ""IKD_026_E0143"", ""IKD_026_E0144"", ""IKD_026_E0145"", ""IKD_026_E0146"", ""IKD_026_E0147"", ""IKD_026_E0148"", ""IKD_026_E0149"", ""IKD_026_E0150"", ""IKD_026_E0151"", ""IKD_026_E0152""]",,indonesian,IKD_Dataset/Melisma_Events/IKD_026_completed_melisma_events.json,IKD_Dataset/Song_Annotations/IKD_026_completed_annotation.json,IKD_Dataset/Rhythmic_Pattern_Annotations/IKD_026_rhythmic_patterns.json,Toto Salmon,Toto Salmon,confirmed_user
IKD_027,Lgm. Sebelum Aku Mati,Gesang - Topic,Gesang,2002,2000_2019,studio_professional,https://www.youtube.com/watch?v=_NMaX1JLCp8,Langgam,306.026667,IKD_027_lyrics.json,"[""IKD_027_E0001"", ""IKD_027_E0002"", ""IKD_027_E0003"", ""IKD_027_E0004"", ""IKD_027_E0005"", ""IKD_027_E0006"", ""IKD_027_E0007"", ""IKD_027_E0008"", ""IKD_027_E0009"", ""IKD_027_E0010"", ""IKD_027_E0011"", ""IKD_027_E0012"", ""IKD_027_E0013"", ""IKD_027_E0014"", ""IKD_027_E0015"", ""IKD_027_E0016"", ""IKD_027_E0017"", ""IKD_027_E0018"", ""IKD_027_E0019"", ""IKD_027_E0020"", ""IKD_027_E0021"", ""IKD_027_E0022"", ""IKD_027_E0023"", ""IKD_027_E0024"", ""IKD_027_E0025"", ""IKD_027_E0026"", ""IKD_027_E0027"", ""IKD_027_E0028"", ""IKD_027_E0029"", ""IKD_027_E0030"", ""IKD_027_E0031"", ""IKD_027_E0032"", ""IKD_027_E0033"", ""IKD_027_E0034"", ""IKD_027_E0035"", ""IKD_027_E0036"", ""IKD_027_E0037"", ""IKD_027_E0038"", ""IKD_027_E0039"", ""IKD_027_E0040"", ""IKD_027_E0041"", ""IKD_027_E0042"", ""IKD_027_E0043"", ""IKD_027_E0044"", ""IKD_027_E0045"", ""IKD_027_E0046"", ""IKD_027_E0047"", ""IKD_027_E0048"", ""IKD_027_E0049"", ""IKD_027_E0050"", ""IKD_027_E0051"", ""IKD_027_E0052"", ""IKD_027_E0053"", ""IKD_027_E0054"", ""IKD_027_E0055"", ""IKD_027_E0056"", ""IKD_027_E0057"", ""IKD_027_E0058"", ""IKD_027_E0059"", ""IKD_027_E0060"", ""IKD_027_E0061"", ""IKD_027_E0062"", ""IKD_027_E0063"", ""IKD_027_E0064"", ""IKD_027_E0065"", ""IKD_027_E0066"", ""IKD_027_E0067"", ""IKD_027_E0068"", ""IKD_027_E0069"", ""IKD_027_E0070"", ""IKD_027_E0071"", ""IKD_027_E0072"", ""IKD_027_E0073"", ""IKD_027_E0074"", ""IKD_027_E0075"", ""IKD_027_E0076"", ""IKD_027_E0077"", ""IKD_027_E0078"", ""IKD_027_E0079"", ""IKD_027_E0080"", ""IKD_027_E0081"", ""IKD_027_E0082"", ""IKD_027_E0083"", ""IKD_027_E0084"", ""IKD_027_E0085"", ""IKD_027_E0086"", ""IKD_027_E0087"", ""IKD_027_E0088"", ""IKD_027_E0089"", ""IKD_027_E0090"", ""IKD_027_E0091"", ""IKD_027_E0092"", ""IKD_027_E0093"", ""IKD_027_E0094"", ""IKD_027_E0095"", ""IKD_027_E0096"", ""IKD_027_E0097"", ""IKD_027_E0098"", ""IKD_027_E0099"", ""IKD_027_E0100"", ""IKD_027_E0101"", ""IKD_027_E0102"", ""IKD_027_E0103"", ""IKD_027_E0104"", ""IKD_027_E0105"", ""IKD_027_E0106"", ""IKD_027_E0107"", ""IKD_027_E0108"", ""IKD_027_E0109"", ""IKD_027_E0110"", ""IKD_027_E0111"", ""IKD_027_E0112"", ""IKD_027_E0113"", ""IKD_027_E0114"", ""IKD_027_E0115"", ""IKD_027_E0116"", ""IKD_027_E0117"", ""IKD_027_E0118"", ""IKD_027_E0119"", ""IKD_027_E0120"", ""IKD_027_E0121"", ""IKD_027_E0122"", ""IKD_027_E0123"", ""IKD_027_E0124"", ""IKD_027_E0125"", ""IKD_027_E0126"", ""IKD_027_E0127"", ""IKD_027_E0128"", ""IKD_027_E0129"", ""IKD_027_E0130"", ""IKD_027_E0131"", ""IKD_027_E0132"", ""IKD_027_E0133"", ""IKD_027_E0134"", ""IKD_027_E0135"", ""IKD_027_E0136"", ""IKD_027_E0137"", ""IKD_027_E0138"", ""IKD_027_E0139"", ""IKD_027_E0140"", ""IKD_027_E0141"", ""IKD_027_E0142"", ""IKD_027_E0143"", ""IKD_027_E0144"", ""IKD_027_E0145"", ""IKD_027_E0146"", ""IKD_027_E0147"", ""IKD_027_E0148"", ""IKD_027_E0149""]",,indonesian,IKD_Dataset/Melisma_Events/IKD_027_completed_melisma_events.json,IKD_Dataset/Song_Annotations/IKD_027_completed_annotation.json,IKD_Dataset/Rhythmic_Pattern_Annotations/IKD_027_rhythmic_patterns.json,Gesang,Gesang,source_artist_label
IKD_028,Kr. Senja,Tuti Tri Sedya - Topic,Tuti Tri Sedya,1999,1980_1999,studio_professional,https://www.youtube.com/watch?v=7BECOujk3p0,Keroncong Asli,312.773333,IKD_028_lyrics.json,"[""IKD_028_E0001"", ""IKD_028_E0002"", ""IKD_028_E0003"", ""IKD_028_E0004"", ""IKD_028_E0005"", ""IKD_028_E0006"", ""IKD_028_E0007"", ""IKD_028_E0008"", ""IKD_028_E0009"", ""IKD_028_E0010"", ""IKD_028_E0011"", ""IKD_028_E0012"", ""IKD_028_E0013"", ""IKD_028_E0014"", ""IKD_028_E0015"", ""IKD_028_E0016"", ""IKD_028_E0017"", ""IKD_028_E0018"", ""IKD_028_E0019"", ""IKD_028_E0020"", ""IKD_028_E0021"", ""IKD_028_E0022"", ""IKD_028_E0023"", ""IKD_028_E0024"", ""IKD_028_E0025"", ""IKD_028_E0026"", ""IKD_028_E0027"", ""IKD_028_E0028"", ""IKD_028_E0029"", ""IKD_028_E0030"", ""IKD_028_E0031"", ""IKD_028_E0032"", ""IKD_028_E0033"", ""IKD_028_E0034"", ""IKD_028_E0035"", ""IKD_028_E0036"", ""IKD_028_E0037"", ""IKD_028_E0038"", ""IKD_028_E0039"", ""IKD_028_E0040"", ""IKD_028_E0041"", ""IKD_028_E0042"", ""IKD_028_E0043"", ""IKD_028_E0044"", ""IKD_028_E0045"", ""IKD_028_E0046"", ""IKD_028_E0047"", ""IKD_028_E0048"", ""IKD_028_E0049"", ""IKD_028_E0050"", ""IKD_028_E0051"", ""IKD_028_E0052"", ""IKD_028_E0053"", ""IKD_028_E0054"", ""IKD_028_E0055"", ""IKD_028_E0056"", ""IKD_028_E0057"", ""IKD_028_E0058"", ""IKD_028_E0059"", ""IKD_028_E0060"", ""IKD_028_E0061"", ""IKD_028_E0062"", ""IKD_028_E0063"", ""IKD_028_E0064"", ""IKD_028_E0065"", ""IKD_028_E0066"", ""IKD_028_E0067"", ""IKD_028_E0068"", ""IKD_028_E0069"", ""IKD_028_E0070"", ""IKD_028_E0071"", ""IKD_028_E0072"", ""IKD_028_E0073"", ""IKD_028_E0074"", ""IKD_028_E0075"", ""IKD_028_E0076"", ""IKD_028_E0077"", ""IKD_028_E0078"", ""IKD_028_E0079"", ""IKD_028_E0080"", ""IKD_028_E0081"", ""IKD_028_E0082"", ""IKD_028_E0083"", ""IKD_028_E0084"", ""IKD_028_E0085"", ""IKD_028_E0086"", ""IKD_028_E0087"", ""IKD_028_E0088"", ""IKD_028_E0089"", ""IKD_028_E0090"", ""IKD_028_E0091"", ""IKD_028_E0092"", ""IKD_028_E0093"", ""IKD_028_E0094"", ""IKD_028_E0095"", ""IKD_028_E0096"", ""IKD_028_E0097"", ""IKD_028_E0098"", ""IKD_028_E0099"", ""IKD_028_E0100"", ""IKD_028_E0101"", ""IKD_028_E0102"", ""IKD_028_E0103"", ""IKD_028_E0104"", ""IKD_028_E0105"", ""IKD_028_E0106"", ""IKD_028_E0107"", ""IKD_028_E0108"", ""IKD_028_E0109"", ""IKD_028_E0110"", ""IKD_028_E0111"", ""IKD_028_E0112"", ""IKD_028_E0113"", ""IKD_028_E0114"", ""IKD_028_E0115"", ""IKD_028_E0116"", ""IKD_028_E0117"", ""IKD_028_E0118"", ""IKD_028_E0119"", ""IKD_028_E0120"", ""IKD_028_E0121"", ""IKD_028_E0122"", ""IKD_028_E0123"", ""IKD_028_E0124"", ""IKD_028_E0125"", ""IKD_028_E0126"", ""IKD_028_E0127"", ""IKD_028_E0128"", ""IKD_028_E0129"", ""IKD_028_E0130"", ""IKD_028_E0131"", ""IKD_028_E0132"", ""IKD_028_E0133"", ""IKD_028_E0134"", ""IKD_028_E0135"", ""IKD_028_E0136"", ""IKD_028_E0137"", ""IKD_028_E0138"", ""IKD_028_E0139"", ""IKD_028_E0140"", ""IKD_028_E0141"", ""IKD_028_E0142"", ""IKD_028_E0143"", ""IKD_028_E0144"", ""IKD_028_E0145"", ""IKD_028_E0146"", ""IKD_028_E0147"", ""IKD_028_E0148"", ""IKD_028_E0149"", ""IKD_028_E0150"", ""IKD_028_E0151"", ""IKD_028_E0152"", ""IKD_028_E0153"", ""IKD_028_E0154"", ""IKD_028_E0155"", ""IKD_028_E0156"", ""IKD_028_E0157"", ""IKD_028_E0158"", ""IKD_028_E0159"", ""IKD_028_E0160"", ""IKD_028_E0161"", ""IKD_028_E0162"", ""IKD_028_E0163"", ""IKD_028_E0164"", ""IKD_028_E0165"", ""IKD_028_E0166"", ""IKD_028_E0167"", ""IKD_028_E0168"", ""IKD_028_E0169"", ""IKD_028_E0170"", ""IKD_028_E0171"", ""IKD_028_E0172"", ""IKD_028_E0173"", ""IKD_028_E0174"", ""IKD_028_E0175"", ""IKD_028_E0176"", ""IKD_028_E0177"", ""IKD_028_E0178"", ""IKD_028_E0179"", ""IKD_028_E0180"", ""IKD_028_E0181"", ""IKD_028_E0182"", ""IKD_028_E0183"", ""IKD_028_E0184"", ""IKD_028_E0185"", ""IKD_028_E0186"", ""IKD_028_E0187"", ""IKD_028_E0188"", ""IKD_028_E0189"", ""IKD_028_E0190"", ""IKD_028_E0191"", ""IKD_028_E0192"", ""IKD_028_E0193"", ""IKD_028_E0194"", ""IKD_028_E0195"", ""IKD_028_E0196"", ""IKD_028_E0197"", ""IKD_028_E0198"", ""IKD_028_E0199"", ""IKD_028_E0200"", ""IKD_028_E0201""]",,indonesian,IKD_Dataset/Melisma_Events/IKD_028_completed_melisma_events.json,IKD_Dataset/Song_Annotations/IKD_028_completed_annotation.json,IKD_Dataset/Rhythmic_Pattern_Annotations/IKD_028_rhythmic_patterns.json,Tuti Tri Sedya,Tuti Tri Sedya,confirmed_user
IKD_029,Kr. Hanya Engkau,Sundari Soekotjo,Sundari Soekotjo,2002,2000_2019,studio_professional,https://www.youtube.com/watch?v=o59zPV7XNNA,Keroncong Asli,341.598299,IKD_029_lyrics.json,"[""IKD_029_E0001"", ""IKD_029_E0002"", ""IKD_029_E0003"", ""IKD_029_E0004"", ""IKD_029_E0005"", ""IKD_029_E0006"", ""IKD_029_E0007"", ""IKD_029_E0008"", ""IKD_029_E0009"", ""IKD_029_E0010"", ""IKD_029_E0011"", ""IKD_029_E0012"", ""IKD_029_E0013"", ""IKD_029_E0014"", ""IKD_029_E0015"", ""IKD_029_E0016"", ""IKD_029_E0017"", ""IKD_029_E0018"", ""IKD_029_E0019"", ""IKD_029_E0020"", ""IKD_029_E0021"", ""IKD_029_E0022"", ""IKD_029_E0023"", ""IKD_029_E0024"", ""IKD_029_E0025"", ""IKD_029_E0026"", ""IKD_029_E0027"", ""IKD_029_E0028"", ""IKD_029_E0029"", ""IKD_029_E0030"", ""IKD_029_E0031"", ""IKD_029_E0032"", ""IKD_029_E0033"", ""IKD_029_E0034"", ""IKD_029_E0035"", ""IKD_029_E0036"", ""IKD_029_E0037"", ""IKD_029_E0038"", ""IKD_029_E0039"", ""IKD_029_E0040"", ""IKD_029_E0041"", ""IKD_029_E0042"", ""IKD_029_E0043"", ""IKD_029_E0044"", ""IKD_029_E0045"", ""IKD_029_E0046"", ""IKD_029_E0047"", ""IKD_029_E0048"", ""IKD_029_E0049"", ""IKD_029_E0050"", ""IKD_029_E0051"", ""IKD_029_E0052"", ""IKD_029_E0053"", ""IKD_029_E0054"", ""IKD_029_E0055"", ""IKD_029_E0056"", ""IKD_029_E0057"", ""IKD_029_E0058"", ""IKD_029_E0059"", ""IKD_029_E0060"", ""IKD_029_E0061"", ""IKD_029_E0062"", ""IKD_029_E0063"", ""IKD_029_E0064"", ""IKD_029_E0065"", ""IKD_029_E0066"", ""IKD_029_E0067"", ""IKD_029_E0068"", ""IKD_029_E0069"", ""IKD_029_E0070"", ""IKD_029_E0071"", ""IKD_029_E0072"", ""IKD_029_E0073"", ""IKD_029_E0074"", ""IKD_029_E0075"", ""IKD_029_E0076"", ""IKD_029_E0077"", ""IKD_029_E0078"", ""IKD_029_E0079"", ""IKD_029_E0080"", ""IKD_029_E0081"", ""IKD_029_E0082"", ""IKD_029_E0083"", ""IKD_029_E0084"", ""IKD_029_E0085"", ""IKD_029_E0086"", ""IKD_029_E0087"", ""IKD_029_E0088"", ""IKD_029_E0089"", ""IKD_029_E0090"", ""IKD_029_E0091"", ""IKD_029_E0092"", ""IKD_029_E0093"", ""IKD_029_E0094"", ""IKD_029_E0095"", ""IKD_029_E0096"", ""IKD_029_E0097"", ""IKD_029_E0098"", ""IKD_029_E0099"", ""IKD_029_E0100"", ""IKD_029_E0101"", ""IKD_029_E0102"", ""IKD_029_E0103"", ""IKD_029_E0104"", ""IKD_029_E0105"", ""IKD_029_E0106"", ""IKD_029_E0107"", ""IKD_029_E0108"", ""IKD_029_E0109"", ""IKD_029_E0110"", ""IKD_029_E0111"", ""IKD_029_E0112"", ""IKD_029_E0113"", ""IKD_029_E0114"", ""IKD_029_E0115"", ""IKD_029_E0116"", ""IKD_029_E0117"", ""IKD_029_E0118"", ""IKD_029_E0119"", ""IKD_029_E0120"", ""IKD_029_E0121"", ""IKD_029_E0122"", ""IKD_029_E0123"", ""IKD_029_E0124"", ""IKD_029_E0125"", ""IKD_029_E0126"", ""IKD_029_E0127"", ""IKD_029_E0128"", ""IKD_029_E0129"", ""IKD_029_E0130"", ""IKD_029_E0131"", ""IKD_029_E0132"", ""IKD_029_E0133"", ""IKD_029_E0134"", ""IKD_029_E0135"", ""IKD_029_E0136"", ""IKD_029_E0137"", ""IKD_029_E0138"", ""IKD_029_E0139"", ""IKD_029_E0140"", ""IKD_029_E0141"", ""IKD_029_E0142"", ""IKD_029_E0143"", ""IKD_029_E0144"", ""IKD_029_E0145"", ""IKD_029_E0146"", ""IKD_029_E0147"", ""IKD_029_E0148"", ""IKD_029_E0149"", ""IKD_029_E0150"", ""IKD_029_E0151""]",,indonesian,IKD_Dataset/Melisma_Events/IKD_029_completed_melisma_events.json,IKD_Dataset/Song_Annotations/IKD_029_completed_annotation.json,IKD_Dataset/Rhythmic_Pattern_Annotations/IKD_029_rhythmic_patterns.json,Sundari Soekotjo,Sundari Soekotjo,source_artist_label
IKD_030,Kr. Citra Pahlawan,Indra Utami Tamsir - Topic,Indra Utami Tamsir,2018,2000_2019,studio_professional,https://www.youtube.com/watch?v=0qS7PYqyccE,Keroncong Asli,297.424422,IKD_030_lyrics.json,"[""IKD_030_E0001"", ""IKD_030_E0002"", ""IKD_030_E0003"", ""IKD_030_E0004"", ""IKD_030_E0005"", ""IKD_030_E0006"", ""IKD_030_E0007"", ""IKD_030_E0008"", ""IKD_030_E0009"", ""IKD_030_E0010"", ""IKD_030_E0011"", ""IKD_030_E0012"", ""IKD_030_E0013"", ""IKD_030_E0014"", ""IKD_030_E0015"", ""IKD_030_E0016"", ""IKD_030_E0017"", ""IKD_030_E0018"", ""IKD_030_E0019"", ""IKD_030_E0020"", ""IKD_030_E0021"", ""IKD_030_E0022"", ""IKD_030_E0023"", ""IKD_030_E0024"", ""IKD_030_E0025"", ""IKD_030_E0026"", ""IKD_030_E0027"", ""IKD_030_E0028"", ""IKD_030_E0029"", ""IKD_030_E0030"", ""IKD_030_E0031"", ""IKD_030_E0032"", ""IKD_030_E0033"", ""IKD_030_E0034"", ""IKD_030_E0035"", ""IKD_030_E0036"", ""IKD_030_E0037"", ""IKD_030_E0038"", ""IKD_030_E0039"", ""IKD_030_E0040"", ""IKD_030_E0041"", ""IKD_030_E0042"", ""IKD_030_E0043"", ""IKD_030_E0044"", ""IKD_030_E0045"", ""IKD_030_E0046"", ""IKD_030_E0047"", ""IKD_030_E0048"", ""IKD_030_E0049"", ""IKD_030_E0050"", ""IKD_030_E0051"", ""IKD_030_E0052"", ""IKD_030_E0053"", ""IKD_030_E0054"", ""IKD_030_E0055"", ""IKD_030_E0056"", ""IKD_030_E0057"", ""IKD_030_E0058"", ""IKD_030_E0059"", ""IKD_030_E0060"", ""IKD_030_E0061"", ""IKD_030_E0062"", ""IKD_030_E0063"", ""IKD_030_E0064"", ""IKD_030_E0065"", ""IKD_030_E0066"", ""IKD_030_E0067"", ""IKD_030_E0068"", ""IKD_030_E0069"", ""IKD_030_E0070"", ""IKD_030_E0071"", ""IKD_030_E0072"", ""IKD_030_E0073"", ""IKD_030_E0074"", ""IKD_030_E0075"", ""IKD_030_E0076"", ""IKD_030_E0077"", ""IKD_030_E0078"", ""IKD_030_E0079"", ""IKD_030_E0080"", ""IKD_030_E0081"", ""IKD_030_E0082"", ""IKD_030_E0083"", ""IKD_030_E0084"", ""IKD_030_E0085"", ""IKD_030_E0086"", ""IKD_030_E0087"", ""IKD_030_E0088"", ""IKD_030_E0089"", ""IKD_030_E0090"", ""IKD_030_E0091"", ""IKD_030_E0092"", ""IKD_030_E0093"", ""IKD_030_E0094"", ""IKD_030_E0095"", ""IKD_030_E0096"", ""IKD_030_E0097"", ""IKD_030_E0098"", ""IKD_030_E0099"", ""IKD_030_E0100"", ""IKD_030_E0101"", ""IKD_030_E0102"", ""IKD_030_E0103"", ""IKD_030_E0104"", ""IKD_030_E0105"", ""IKD_030_E0106"", ""IKD_030_E0107"", ""IKD_030_E0108"", ""IKD_030_E0109"", ""IKD_030_E0110"", ""IKD_030_E0111"", ""IKD_030_E0112"", ""IKD_030_E0113"", ""IKD_030_E0114"", ""IKD_030_E0115"", ""IKD_030_E0116"", ""IKD_030_E0117"", ""IKD_030_E0118"", ""IKD_030_E0119"", ""IKD_030_E0120"", ""IKD_030_E0121"", ""IKD_030_E0122"", ""IKD_030_E0123"", ""IKD_030_E0124"", ""IKD_030_E0125"", ""IKD_030_E0126"", ""IKD_030_E0127"", ""IKD_030_E0128"", ""IKD_030_E0129"", ""IKD_030_E0130"", ""IKD_030_E0131"", ""IKD_030_E0132"", ""IKD_030_E0133"", ""IKD_030_E0134"", ""IKD_030_E0135"", ""IKD_030_E0136"", ""IKD_030_E0137"", ""IKD_030_E0138"", ""IKD_030_E0139"", ""IKD_030_E0140"", ""IKD_030_E0141"", ""IKD_030_E0142"", ""IKD_030_E0143"", ""IKD_030_E0144"", ""IKD_030_E0145"", ""IKD_030_E0146"", ""IKD_030_E0147"", ""IKD_030_E0148"", ""IKD_030_E0149"", ""IKD_030_E0150"", ""IKD_030_E0151"", ""IKD_030_E0152"", ""IKD_030_E0153"", ""IKD_030_E0154"", ""IKD_030_E0155"", ""IKD_030_E0156"", ""IKD_030_E0157"", ""IKD_030_E0158"", ""IKD_030_E0159"", ""IKD_030_E0160"", ""IKD_030_E0161"", ""IKD_030_E0162"", ""IKD_030_E0163"", ""IKD_030_E0164"", ""IKD_030_E0165"", ""IKD_030_E0166"", ""IKD_030_E0167"", ""IKD_030_E0168"", ""IKD_030_E0169"", ""IKD_030_E0170"", ""IKD_030_E0171"", ""IKD_030_E0172"", ""IKD_030_E0173"", ""IKD_030_E0174"", ""IKD_030_E0175"", ""IKD_030_E0176"", ""IKD_030_E0177"", ""IKD_030_E0178"", ""IKD_030_E0179"", ""IKD_030_E0180"", ""IKD_030_E0181"", ""IKD_030_E0182"", ""IKD_030_E0183"", ""IKD_030_E0184"", ""IKD_030_E0185"", ""IKD_030_E0186"", ""IKD_030_E0187"", ""IKD_030_E0188"", ""IKD_030_E0189"", ""IKD_030_E0190"", ""IKD_030_E0191"", ""IKD_030_E0192"", ""IKD_030_E0193"", ""IKD_030_E0194"", ""IKD_030_E0195"", ""IKD_030_E0196"", ""IKD_030_E0197"", ""IKD_030_E0198"", ""IKD_030_E0199"", ""IKD_030_E0200"", ""IKD_030_E0201"", ""IKD_030_E0202"", ""IKD_030_E0203"", ""IKD_030_E0204"", ""IKD_030_E0205"", ""IKD_030_E0206"", ""IKD_030_E0207"", ""IKD_030_E0208""]",,indonesian,IKD_Dataset/Melisma_Events/IKD_030_completed_melisma_events.json,IKD_Dataset/Song_Annotations/IKD_030_completed_annotation.json,IKD_Dataset/Rhythmic_Pattern_Annotations/IKD_030_rhythmic_patterns.json,Indra Utami Tamsir,Indra Utami Tamsir,source_artist_label
